{
    "original_sweep_number": 11,
    "elevation_index": 10,
    "elevation_angle_degrees": 1.75506591796875,
    "azimuth_angle_degrees": 216.55426025390625,
    "bounding_box_lon_lat": {
        "nw": [
            -125.22428868836346,
            49.64677144731989
        ],
        "ne": [
            -112.48156763487873,
            49.64677144731989
        ],
        "se": [
            -112.48156763487873,
            41.428286014480015
        ],
        "sw": [
            -125.22428868836346,
            41.428286014480015
        ]
    }
}