{
    "original_sweep_number": 11,
    "elevation_index": 10,
    "elevation_angle_degrees": 1.71661376953125,
    "azimuth_angle_degrees": 260.54901123046875,
    "bounding_box_lon_lat": {
        "nw": [
            -125.22508008119573,
            49.64677181628265
        ],
        "ne": [
            -112.48156814500352,
            49.64677181628265
        ],
        "se": [
            -112.48156814500352,
            41.42825204985162
        ],
        "sw": [
            -125.22508008119573,
            41.42825204985162
        ]
    }
}