{
    "original_sweep_number": 4,
    "elevation_index": 5,
    "elevation_angle_degrees": 0.4833984375,
    "azimuth_angle_degrees": 316.20574951171875,
    "bounding_box_lon_lat": {
        "nw": [
            -125.23553418809436,
            49.652941894441085
        ],
        "ne": [
            -112.47032193804033,
            49.652941894441085
        ],
        "se": [
            -112.47032193804033,
            41.42110532305413
        ],
        "sw": [
            -125.23553418809436,
            41.42110532305413
        ]
    }
}