{
    "original_sweep_number": 9,
    "elevation_index": 2,
    "elevation_angle_degrees": 0.2471923828125,
    "azimuth_angle_degrees": 219.2596435546875,
    "bounding_box_lon_lat": {
        "nw": [
            -125.23774645897278,
            49.65415569075614
        ],
        "ne": [
            -112.46810993547156,
            49.65415569075614
        ],
        "se": [
            -112.46810993547156,
            41.41969320743821
        ],
        "sw": [
            -125.23774645897278,
            41.41969320743821
        ]
    }
}