{
    "original_sweep_number": 14,
    "elevation_index": 13,
    "elevation_angle_degrees": 3.8287353515625,
    "azimuth_angle_degrees": 252.55096435546875,
    "bounding_box_lon_lat": {
        "nw": [
            -125.19668946525985,
            49.63182923993618
        ],
        "ne": [
            -112.50881377865885,
            49.63182923993618
        ],
        "se": [
            -112.50881377865885,
            41.445689161958086
        ],
        "sw": [
            -125.19668946525985,
            41.445689161958086
        ]
    }
}