{
    "original_sweep_number": 11,
    "elevation_index": 10,
    "elevation_angle_degrees": 1.768798828125,
    "azimuth_angle_degrees": 182.559814453125,
    "bounding_box_lon_lat": {
        "nw": [
            -125.2242890987449,
            49.64677171987854
        ],
        "ne": [
            -112.4815678712661,
            49.64677171987854
        ],
        "se": [
            -112.4815678712661,
            41.42828607482729
        ],
        "sw": [
            -125.2242890987449,
            41.42828607482729
        ]
    }
}