{
    "original_sweep_number": 10,
    "elevation_index": 2,
    "elevation_angle_degrees": 0.17578125,
    "azimuth_angle_degrees": 46.219482421875,
    "bounding_box_lon_lat": {
        "nw": [
            -125.23774397153826,
            49.654155555735294
        ],
        "ne": [
            -112.46811128367194,
            49.654155555735294
        ],
        "se": [
            -112.46811128367194,
            41.41969463465882
        ],
        "sw": [
            -125.23774397153826,
            41.41969463465882
        ]
    }
}