{
    "original_sweep_number": 18,
    "elevation_index": 16,
    "elevation_angle_degrees": 9.86297607421875,
    "azimuth_angle_degrees": 54.4976806640625,
    "bounding_box_lon_lat": {
        "nw": [
            -125.07236388051696,
            49.56315590577407
        ],
        "ne": [
            -112.63362750996819,
            49.56315590577407
        ],
        "se": [
            -112.63362750996819,
            41.52541447751368
        ],
        "sw": [
            -125.07236388051696,
            41.52541447751368
        ]
    }
}