{
    "original_sweep_number": 8,
    "elevation_index": 8,
    "elevation_angle_degrees": 1.2744140625,
    "azimuth_angle_degrees": 357.17926025390625,
    "bounding_box_lon_lat": {
        "nw": [
            -125.22895138304916,
            49.64933058334395
        ],
        "ne": [
            -112.47690380251319,
            49.64933058334395
        ],
        "se": [
            -112.47690380251319,
            41.42530789841786
        ],
        "sw": [
            -125.22895138304916,
            41.42530789841786
        ]
    }
}