{
    "original_sweep_number": 4,
    "elevation_index": 5,
    "elevation_angle_degrees": 0.439453125,
    "azimuth_angle_degrees": 9.2010498046875,
    "bounding_box_lon_lat": {
        "nw": [
            -125.23586381930562,
            49.65312328841047
        ],
        "ne": [
            -112.4699923652242,
            49.65312328841047
        ],
        "se": [
            -112.4699923652242,
            41.420895594109275
        ],
        "sw": [
            -125.23586381930562,
            41.420895594109275
        ]
    }
}