{
    "original_sweep_number": 7,
    "elevation_index": 8,
    "elevation_angle_degrees": 1.26068115234375,
    "azimuth_angle_degrees": 295.25482177734375,
    "bounding_box_lon_lat": {
        "nw": [
            -125.22895334856943,
            49.6493314776062
        ],
        "ne": [
            -112.47690295279429,
            49.6493314776062
        ],
        "se": [
            -112.47690295279429,
            41.42530764004479
        ],
        "sw": [
            -125.22895334856943,
            41.42530764004479
        ]
    }
}