{
    "original_sweep_number": 9,
    "elevation_index": 4,
    "elevation_angle_degrees": 0.29937744140625,
    "azimuth_angle_degrees": 16.25701904296875,
    "bounding_box_lon_lat": {
        "nw": [
            -125.23804579247133,
            49.65431977555696
        ],
        "ne": [
            -112.46781059467318,
            49.65431977555696
        ],
        "se": [
            -112.46781059467318,
            41.41950214236312
        ],
        "sw": [
            -125.23804579247133,
            41.41950214236312
        ]
    }
}