{
    "original_sweep_number": 3,
    "elevation_index": 4,
    "elevation_angle_degrees": 0.42022705078125,
    "azimuth_angle_degrees": 0.24444580078125,
    "bounding_box_lon_lat": {
        "nw": [
            -125.23587762679624,
            49.653225546331846
        ],
        "ne": [
            -112.46997860883796,
            49.653225546331846
        ],
        "se": [
            -112.46997860883796,
            41.42089477459358
        ],
        "sw": [
            -125.23587762679624,
            41.42089477459358
        ]
    }
}