{
    "original_sweep_number": 13,
    "elevation_index": 12,
    "elevation_angle_degrees": 2.9278564453125,
    "azimuth_angle_degrees": 232.55584716796875,
    "bounding_box_lon_lat": {
        "nw": [
            -125.20849188897425,
            49.63848289243211
        ],
        "ne": [
            -112.49672617825256,
            49.63848289243211
        ],
        "se": [
            -112.49672617825256,
            41.43796747917745
        ],
        "sw": [
            -125.20849188897425,
            41.43796747917745
        ]
    }
}