{
    "original_sweep_number": 11,
    "elevation_index": 10,
    "elevation_angle_degrees": 1.79901123046875,
    "azimuth_angle_degrees": 325.55511474609375,
    "bounding_box_lon_lat": {
        "nw": [
            -125.22428904180748,
            49.646771270346164
        ],
        "ne": [
            -112.48156779156223,
            49.646771270346164
        ],
        "se": [
            -112.48156779156223,
            41.428286235451715
        ],
        "sw": [
            -125.22428904180748,
            41.428286235451715
        ]
    }
}