{
    "original_sweep_number": 18,
    "elevation_index": 17,
    "elevation_angle_degrees": 9.84100341796875,
    "azimuth_angle_degrees": 9.4921875,
    "bounding_box_lon_lat": {
        "nw": [
            -125.07236389652643,
            49.56314893096382
        ],
        "ne": [
            -112.63349244272524,
            49.56314893096382
        ],
        "se": [
            -112.63349244272524,
            41.52541461543461
        ],
        "sw": [
            -125.07236389652643,
            41.52541461543461
        ]
    }
}