{
    "original_sweep_number": 1,
    "elevation_index": 1,
    "elevation_angle_degrees": 0.17578125,
    "azimuth_angle_degrees": 266.2371826171875,
    "bounding_box_lon_lat": {
        "nw": [
            -125.23834576641386,
            49.65415569016646
        ],
        "ne": [
            -112.46810983444833,
            49.65415569016646
        ],
        "se": [
            -112.46810983444833,
            41.41966706606041
        ],
        "sw": [
            -125.23834576641386,
            41.41966706606041
        ]
    }
}