{
    "original_sweep_number": 4,
    "elevation_index": 5,
    "elevation_angle_degrees": 0.439453125,
    "azimuth_angle_degrees": 13.2000732421875,
    "bounding_box_lon_lat": {
        "nw": [
            -125.23586034160537,
            49.653123452278926
        ],
        "ne": [
            -112.4699931070058,
            49.653123452278926
        ],
        "se": [
            -112.4699931070058,
            41.42089596350835
        ],
        "sw": [
            -125.23586034160537,
            41.42089596350835
        ]
    }
}