{
    "original_sweep_number": 14,
    "elevation_index": 13,
    "elevation_angle_degrees": 3.8067626953125,
    "azimuth_angle_degrees": 320.5426025390625,
    "bounding_box_lon_lat": {
        "nw": [
            -125.19704064076,
            49.63180969802235
        ],
        "ne": [
            -112.50881465385076,
            49.63180969802235
        ],
        "se": [
            -112.50881465385076,
            41.4456896117044
        ],
        "sw": [
            -125.19704064076,
            41.4456896117044
        ]
    }
}