{
    "original_sweep_number": 1,
    "elevation_index": 3,
    "elevation_angle_degrees": 0.18402099609375,
    "azimuth_angle_degrees": 270.252685546875,
    "bounding_box_lon_lat": {
        "nw": [
            -125.23774650324694,
            49.65415568966136
        ],
        "ne": [
            -112.46810984738069,
            49.65415568966136
        ],
        "se": [
            -112.46810984738069,
            41.41969320434377
        ],
        "sw": [
            -125.23774650324694,
            41.41969320434377
        ]
    }
}