{
    "original_sweep_number": 7,
    "elevation_index": 8,
    "elevation_angle_degrees": 1.1370849609375,
    "azimuth_angle_degrees": 26.2408447265625,
    "bounding_box_lon_lat": {
        "nw": [
            -125.22895332683854,
            49.649331437163696
        ],
        "ne": [
            -112.47690295082354,
            49.649331437163696
        ],
        "se": [
            -112.47690295082354,
            41.42530769291071
        ],
        "sw": [
            -125.22895332683854,
            41.42530769291071
        ]
    }
}