{
    "original_sweep_number": 7,
    "elevation_index": 8,
    "elevation_angle_degrees": 1.20574951171875,
    "azimuth_angle_degrees": 198.25653076171875,
    "bounding_box_lon_lat": {
        "nw": [
            -125.22895337591753,
            49.649331476449255
        ],
        "ne": [
            -112.47690295279429,
            49.649331476449255
        ],
        "se": [
            -112.47690295279429,
            41.425307639806476
        ],
        "sw": [
            -125.22895337591753,
            41.425307639806476
        ]
    }
}