{
    "original_sweep_number": 1,
    "elevation_index": 3,
    "elevation_angle_degrees": 0.1812744140625,
    "azimuth_angle_degrees": 38.24615478515625,
    "bounding_box_lon_lat": {
        "nw": [
            -125.23774648818392,
            49.65415568698604
        ],
        "ne": [
            -112.46810986426941,
            49.65415568698604
        ],
        "se": [
            -112.46810986426941,
            41.419693204980796
        ],
        "sw": [
            -125.23774648818392,
            41.419693204980796
        ]
    }
}