{
    "original_sweep_number": 18,
    "elevation_index": 18,
    "elevation_angle_degrees": 9.85198974609375,
    "azimuth_angle_degrees": 231.49566650390625,
    "bounding_box_lon_lat": {
        "nw": [
            -125.072296138375,
            49.56315243031702
        ],
        "ne": [
            -112.63349244258067,
            49.56315243031702
        ],
        "se": [
            -112.63349244258067,
            41.5254144809788
        ],
        "sw": [
            -125.072296138375,
            41.5254144809788
        ]
    }
}