{
    "original_sweep_number": 6,
    "elevation_index": 8,
    "elevation_angle_degrees": 0.8349609375,
    "azimuth_angle_degrees": 334.2095947265625,
    "bounding_box_lon_lat": {
        "nw": [
            -125.23276955904224,
            49.65142590791789
        ],
        "ne": [
            -112.4730865179213,
            49.65142590791789
        ],
        "se": [
            -112.4730865179213,
            41.42287035616315
        ],
        "sw": [
            -125.23276955904224,
            41.42287035616315
        ]
    }
}