{
    "original_sweep_number": 15,
    "elevation_index": 14,
    "elevation_angle_degrees": 4.9603271484375,
    "azimuth_angle_degrees": 349.56024169921875,
    "bounding_box_lon_lat": {
        "nw": [
            -125.17981272261719,
            49.62302210008106
        ],
        "ne": [
            -112.52604399685801,
            49.62302210008106
        ],
        "se": [
            -112.52604399685801,
            41.4567571378935
        ],
        "sw": [
            -125.17981272261719,
            41.4567571378935
        ]
    }
}