{
    "original_sweep_number": 9,
    "elevation_index": 2,
    "elevation_angle_degrees": 0.27740478515625,
    "azimuth_angle_degrees": 293.24981689453125,
    "bounding_box_lon_lat": {
        "nw": [
            -125.23774627882642,
            49.65415565844917
        ],
        "ne": [
            -112.46810985271769,
            49.65415565844917
        ],
        "se": [
            -112.46810985271769,
            41.419693224471985
        ],
        "sw": [
            -125.23774627882642,
            41.419693224471985
        ]
    }
}