{
    "original_sweep_number": 10,
    "elevation_index": 1,
    "elevation_angle_degrees": 0.17578125,
    "azimuth_angle_degrees": 20.1873779296875,
    "bounding_box_lon_lat": {
        "nw": [
            -125.23774459164417,
            49.65415544675002
        ],
        "ne": [
            -112.46811052116172,
            49.65415544675002
        ],
        "se": [
            -112.46811052116172,
            41.419694032962475
        ],
        "sw": [
            -125.23774459164417,
            41.419694032962475
        ]
    }
}