{
    "original_sweep_number": 12,
    "elevation_index": 11,
    "elevation_angle_degrees": 2.24395751953125,
    "azimuth_angle_degrees": 9.56085205078125,
    "bounding_box_lon_lat": {
        "nw": [
            -125.21765916079968,
            49.64313261231469
        ],
        "ne": [
            -112.4881971624425,
            49.64313261231469
        ],
        "se": [
            -112.4881971624425,
            41.43251982351562
        ],
        "sw": [
            -125.21765916079968,
            41.43251982351562
        ]
    }
}