{
    "original_sweep_number": 15,
    "elevation_index": 14,
    "elevation_angle_degrees": 4.94110107421875,
    "azimuth_angle_degrees": 122.5579833984375,
    "bounding_box_lon_lat": {
        "nw": [
            -125.17971846146895,
            49.62228944748892
        ],
        "ne": [
            -112.52613815849132,
            49.62228944748892
        ],
        "se": [
            -112.52613815849132,
            41.456757560378314
        ],
        "sw": [
            -125.17971846146895,
            41.456757560378314
        ]
    }
}