{
    "original_sweep_number": 16,
    "elevation_index": 15,
    "elevation_angle_degrees": 6.29241943359375,
    "azimuth_angle_degrees": 209.56146240234375,
    "bounding_box_lon_lat": {
        "nw": [
            -125.15570512771195,
            49.60908179827035
        ],
        "ne": [
            -112.55015133071413,
            49.60908179827035
        ],
        "se": [
            -112.55015133071413,
            41.47210576739596
        ],
        "sw": [
            -125.15570512771195,
            41.47210576739596
        ]
    }
}