{
    "original_sweep_number": 8,
    "elevation_index": 9,
    "elevation_angle_degrees": 1.2744140625,
    "azimuth_angle_degrees": 65.225830078125,
    "bounding_box_lon_lat": {
        "nw": [
            -125.22895216479304,
            49.649330971156836
        ],
        "ne": [
            -112.47690425143261,
            49.649330971156836
        ],
        "se": [
            -112.47690425143261,
            41.42530830984969
        ],
        "sw": [
            -125.22895216479304,
            41.42530830984969
        ]
    }
}