{
    "original_sweep_number": 19,
    "elevation_index": 19,
    "elevation_angle_degrees": 11.82952880859375,
    "azimuth_angle_degrees": 280.48919677734375,
    "bounding_box_lon_lat": {
        "nw": [
            -125.01580606713127,
            49.53189402743417
        ],
        "ne": [
            -112.69005025082254,
            49.53189402743417
        ],
        "se": [
            -112.69005025082254,
            41.56162944388839
        ],
        "sw": [
            -125.01580606713127,
            41.56162944388839
        ]
    }
}