{
    "original_sweep_number": 4,
    "elevation_index": 5,
    "elevation_angle_degrees": 0.4833984375,
    "azimuth_angle_degrees": 226.18927001953125,
    "bounding_box_lon_lat": {
        "nw": [
            -125.23553441296647,
            49.65294285433974
        ],
        "ne": [
            -112.47032130982784,
            49.65294285433974
        ],
        "se": [
            -112.47032130982784,
            41.42110559092121
        ],
        "sw": [
            -125.23553441296647,
            41.42110559092121
        ]
    }
}