{
    "original_sweep_number": 10,
    "elevation_index": 3,
    "elevation_angle_degrees": 0.32684326171875,
    "azimuth_angle_degrees": 38.29010009765625,
    "bounding_box_lon_lat": {
        "nw": [
            -125.23774645958271,
            49.65415569171317
        ],
        "ne": [
            -112.46810981801707,
            49.65415569171317
        ],
        "se": [
            -112.46810981801707,
            41.41969324686517
        ],
        "sw": [
            -125.23774645958271,
            41.41969324686517
        ]
    }
}