{
    "original_sweep_number": 3,
    "elevation_index": 4,
    "elevation_angle_degrees": 0.46142578125,
    "azimuth_angle_degrees": 212.255859375,
    "bounding_box_lon_lat": {
        "nw": [
            -125.23553573920687,
            49.65294288190561
        ],
        "ne": [
            -112.47032063331221,
            49.65294288190561
        ],
        "se": [
            -112.47032063331221,
            41.42110470805717
        ],
        "sw": [
            -125.23553573920687,
            41.42110470805717
        ]
    }
}