{
    "original_sweep_number": 7,
    "elevation_index": 8,
    "elevation_angle_degrees": 1.1041259765625,
    "azimuth_angle_degrees": 52.2674560546875,
    "bounding_box_lon_lat": {
        "nw": [
            -125.22895322884463,
            49.649333318138986
        ],
        "ne": [
            -112.47693796044373,
            49.649333318138986
        ],
        "se": [
            -112.47693796044373,
            41.425307641433825
        ],
        "sw": [
            -125.22895322884463,
            41.425307641433825
        ]
    }
}