{
    "original_sweep_number": 12,
    "elevation_index": 11,
    "elevation_angle_degrees": 2.25494384765625,
    "azimuth_angle_degrees": 342.56744384765625,
    "bounding_box_lon_lat": {
        "nw": [
            -125.21766514492637,
            49.64318784122299
        ],
        "ne": [
            -112.48819135121656,
            49.64318784122299
        ],
        "se": [
            -112.48819135121656,
            41.432520438105854
        ],
        "sw": [
            -125.21766514492637,
            41.432520438105854
        ]
    }
}