{
    "original_sweep_number": 4,
    "elevation_index": 4,
    "elevation_angle_degrees": 0.439453125,
    "azimuth_angle_degrees": 226.23870849609375,
    "bounding_box_lon_lat": {
        "nw": [
            -125.23586344687241,
            49.65312302321968
        ],
        "ne": [
            -112.46999504466294,
            49.65312302321968
        ],
        "se": [
            -112.46999504466294,
            41.42089587916613
        ],
        "sw": [
            -125.23586344687241,
            41.42089587916613
        ]
    }
}