{
    "original_sweep_number": 10,
    "elevation_index": 1,
    "elevation_angle_degrees": 0.17578125,
    "azimuth_angle_degrees": 198.1768798828125,
    "bounding_box_lon_lat": {
        "nw": [
            -125.23774552628461,
            49.654154997468446
        ],
        "ne": [
            -112.46811064359912,
            49.654154997468446
        ],
        "se": [
            -112.46811064359912,
            41.41969397571653
        ],
        "sw": [
            -125.23774552628461,
            41.41969397571653
        ]
    }
}