{
    "original_sweep_number": 11,
    "elevation_index": 1,
    "elevation_angle_degrees": 0.17578125,
    "azimuth_angle_degrees": 50.22674560546875,
    "bounding_box_lon_lat": {
        "nw": [
            -125.23774511329849,
            49.654155292371094
        ],
        "ne": [
            -112.46811131035697,
            49.654155292371094
        ],
        "se": [
            -112.46811131035697,
            41.41969425752035
        ],
        "sw": [
            -125.23774511329849,
            41.41969425752035
        ]
    }
}