{
    "original_sweep_number": 16,
    "elevation_index": 15,
    "elevation_angle_degrees": 6.29791259765625,
    "azimuth_angle_degrees": 188.54736328125,
    "bounding_box_lon_lat": {
        "nw": [
            -125.15570533103019,
            49.60908234837866
        ],
        "ne": [
            -112.55015086423789,
            49.60908234837866
        ],
        "se": [
            -112.55015086423789,
            41.472105251038805
        ],
        "sw": [
            -125.15570533103019,
            41.472105251038805
        ]
    }
}