{
    "original_sweep_number": 7,
    "elevation_index": 8,
    "elevation_angle_degrees": 1.142578125,
    "azimuth_angle_degrees": 208.25408935546875,
    "bounding_box_lon_lat": {
        "nw": [
            -125.22895319496403,
            49.649331482163845
        ],
        "ne": [
            -112.47690295325046,
            49.649331482163845
        ],
        "se": [
            -112.47690295325046,
            41.4253076542271
        ],
        "sw": [
            -125.22895319496403,
            41.4253076542271
        ]
    }
}