{
    "original_sweep_number": 7,
    "elevation_index": 8,
    "elevation_angle_degrees": 1.219482421875,
    "azimuth_angle_degrees": 33.2501220703125,
    "bounding_box_lon_lat": {
        "nw": [
            -125.22895335905099,
            49.64933145990182
        ],
        "ne": [
            -112.47690297695362,
            49.64933145990182
        ],
        "se": [
            -112.47690297695362,
            41.42530765462427
        ],
        "sw": [
            -125.22895335905099,
            41.42530765462427
        ]
    }
}