{
    "original_sweep_number": 13,
    "elevation_index": 12,
    "elevation_angle_degrees": 2.9498291015625,
    "azimuth_angle_degrees": 250.5596923828125,
    "bounding_box_lon_lat": {
        "nw": [
            -125.20913007774926,
            49.63844977968735
        ],
        "ne": [
            -112.49672769956457,
            49.63844977968735
        ],
        "se": [
            -112.49672769956457,
            41.437967914769985
        ],
        "sw": [
            -125.20913007774926,
            41.437967914769985
        ]
    }
}