{
    "original_sweep_number": 10,
    "elevation_index": 2,
    "elevation_angle_degrees": 0.17578125,
    "azimuth_angle_degrees": 250.235595703125,
    "bounding_box_lon_lat": {
        "nw": [
            -125.23774217705072,
            49.6541536149025
        ],
        "ne": [
            -112.46811364777662,
            49.6541536149025
        ],
        "se": [
            -112.46811364777662,
            41.419694892061194
        ],
        "sw": [
            -125.23774217705072,
            41.419694892061194
        ]
    }
}