{
    "original_sweep_number": 16,
    "elevation_index": 14,
    "elevation_angle_degrees": 6.31439208984375,
    "azimuth_angle_degrees": 141.55609130859375,
    "bounding_box_lon_lat": {
        "nw": [
            -125.15570420238097,
            49.60908137168098
        ],
        "ne": [
            -112.55015227767456,
            49.60908137168098
        ],
        "se": [
            -112.55015227767456,
            41.47210608890064
        ],
        "sw": [
            -125.15570420238097,
            41.47210608890064
        ]
    }
}