{
    "original_sweep_number": 19,
    "elevation_index": 19,
    "elevation_angle_degrees": 11.8377685546875,
    "azimuth_angle_degrees": 249.50225830078125,
    "bounding_box_lon_lat": {
        "nw": [
            -125.01681321182505,
            49.531894036315045
        ],
        "ne": [
            -112.69005024968732,
            49.531894036315045
        ],
        "se": [
            -112.69005024968732,
            41.561586666996526
        ],
        "sw": [
            -125.01681321182505,
            41.561586666996526
        ]
    }
}