{
    "original_sweep_number": 6,
    "elevation_index": 7,
    "elevation_angle_degrees": 0.8349609375,
    "azimuth_angle_degrees": 38.21868896484375,
    "bounding_box_lon_lat": {
        "nw": [
            -125.23276952204687,
            49.651425620949475
        ],
        "ne": [
            -112.47308597114505,
            49.651425620949475
        ],
        "se": [
            -112.47308597114505,
            41.42287061806743
        ],
        "sw": [
            -125.23276952204687,
            41.42287061806743
        ]
    }
}