{
    "original_sweep_number": 8,
    "elevation_index": 9,
    "elevation_angle_degrees": 1.2744140625,
    "azimuth_angle_degrees": 215.20843505859375,
    "bounding_box_lon_lat": {
        "nw": [
            -125.22895160009485,
            49.6493313704256
        ],
        "ne": [
            -112.47690411055052,
            49.6493313704256
        ],
        "se": [
            -112.47690411055052,
            41.4253081112974
        ],
        "sw": [
            -125.22895160009485,
            41.4253081112974
        ]
    }
}