{
    "original_sweep_number": 1,
    "elevation_index": 3,
    "elevation_angle_degrees": 0.2197265625,
    "azimuth_angle_degrees": 84.2431640625,
    "bounding_box_lon_lat": {
        "nw": [
            -125.2377464849817,
            49.65416822722482
        ],
        "ne": [
            -112.46834717475676,
            49.65416822722482
        ],
        "se": [
            -112.46834717475676,
            41.41969320616416
        ],
        "sw": [
            -125.2377464849817,
            41.41969320616416
        ]
    }
}