{
    "original_sweep_number": 9,
    "elevation_index": 10,
    "elevation_angle_degrees": 1.74407958984375,
    "azimuth_angle_degrees": 300.55023193359375,
    "bounding_box_lon_lat": {
        "nw": [
            -125.22428802018958,
            49.64677174269545
        ],
        "ne": [
            -112.4815678712661,
            49.64677174269545
        ],
        "se": [
            -112.4815678712661,
            41.42828661320894
        ],
        "sw": [
            -125.22428802018958,
            41.42828661320894
        ]
    }
}