{
    "original_sweep_number": 14,
    "elevation_index": 13,
    "elevation_angle_degrees": 3.812255859375,
    "azimuth_angle_degrees": 143.558349609375,
    "bounding_box_lon_lat": {
        "nw": [
            -125.19704101074488,
            49.63181013392322
        ],
        "ne": [
            -112.50881516192163,
            49.63181013392322
        ],
        "se": [
            -112.50881516192163,
            41.44568929746534
        ],
        "sw": [
            -125.19704101074488,
            41.44568929746534
        ]
    }
}