{
    "original_sweep_number": 9,
    "elevation_index": 2,
    "elevation_angle_degrees": 0.35980224609375,
    "azimuth_angle_degrees": 54.2559814453125,
    "bounding_box_lon_lat": {
        "nw": [
            -125.2377464735742,
            49.654155671934575
        ],
        "ne": [
            -112.46810982775963,
            49.654155671934575
        ],
        "se": [
            -112.46810982775963,
            41.41969320576602
        ],
        "sw": [
            -125.2377464735742,
            41.41969320576602
        ]
    }
}