{
    "original_sweep_number": 11,
    "elevation_index": 10,
    "elevation_angle_degrees": 1.77978515625,
    "azimuth_angle_degrees": 352.5457763671875,
    "bounding_box_lon_lat": {
        "nw": [
            -125.2243634679184,
            49.64734940544174
        ],
        "ne": [
            -112.48149273689997,
            49.64734940544174
        ],
        "se": [
            -112.48149273689997,
            41.42828631415052
        ],
        "sw": [
            -125.2243634679184,
            41.42828631415052
        ]
    }
}