{
    "original_sweep_number": 5,
    "elevation_index": 6,
    "elevation_angle_degrees": 0.6976318359375,
    "azimuth_angle_degrees": 320.24871826171875,
    "bounding_box_lon_lat": {
        "nw": [
            -125.23277060559212,
            49.65142594920882
        ],
        "ne": [
            -112.47308574683863,
            49.65142594920882
        ],
        "se": [
            -112.47308574683863,
            41.42287022721015
        ],
        "sw": [
            -125.23277060559212,
            41.42287022721015
        ]
    }
}