{
    "original_sweep_number": 4,
    "elevation_index": 5,
    "elevation_angle_degrees": 0.4833984375,
    "azimuth_angle_degrees": 355.18798828125,
    "bounding_box_lon_lat": {
        "nw": [
            -125.23553242864716,
            49.65294103242322
        ],
        "ne": [
            -112.47032123729394,
            49.65294103242322
        ],
        "se": [
            -112.47032123729394,
            41.421104884949195
        ],
        "sw": [
            -125.23553242864716,
            41.421104884949195
        ]
    }
}