{
    "original_sweep_number": 13,
    "elevation_index": 12,
    "elevation_angle_degrees": 2.933349609375,
    "azimuth_angle_degrees": 106.5509033203125,
    "bounding_box_lon_lat": {
        "nw": [
            -125.20913019213268,
            49.63844965304486
        ],
        "ne": [
            -112.4967269381193,
            49.63844965304486
        ],
        "se": [
            -112.4967269381193,
            41.4379677301916
        ],
        "sw": [
            -125.20913019213268,
            41.4379677301916
        ]
    }
}