{
    "original_sweep_number": 16,
    "elevation_index": 15,
    "elevation_angle_degrees": 6.29241943359375,
    "azimuth_angle_degrees": 259.552001953125,
    "bounding_box_lon_lat": {
        "nw": [
            -125.15782490564773,
            49.60908210113889
        ],
        "ne": [
            -112.55015064806743,
            49.60908210113889
        ],
        "se": [
            -112.55015064806743,
            41.47201422265365
        ],
        "sw": [
            -125.15782490564773,
            41.47201422265365
        ]
    }
}