{
    "original_sweep_number": 3,
    "elevation_index": 4,
    "elevation_angle_degrees": 0.40374755859375,
    "azimuth_angle_degrees": 287.2540283203125,
    "bounding_box_lon_lat": {
        "nw": [
            -125.23586455912398,
            49.65312332624813
        ],
        "ne": [
            -112.46999178054467,
            49.65312332624813
        ],
        "se": [
            -112.46999178054467,
            41.42089477923539
        ],
        "sw": [
            -125.23586455912398,
            41.42089477923539
        ]
    }
}