{
    "original_sweep_number": 11,
    "elevation_index": 10,
    "elevation_angle_degrees": 1.76055908203125,
    "azimuth_angle_degrees": 104.55413818359375,
    "bounding_box_lon_lat": {
        "nw": [
            -125.22428872161491,
            49.64677171987854
        ],
        "ne": [
            -112.4815678712661,
            49.64677171987854
        ],
        "se": [
            -112.4815678712661,
            41.42828669477168
        ],
        "sw": [
            -125.22428872161491,
            41.42828669477168
        ]
    }
}