{
    "original_sweep_number": 15,
    "elevation_index": 13,
    "elevation_angle_degrees": 4.932861328125,
    "azimuth_angle_degrees": 119.55047607421875,
    "bounding_box_lon_lat": {
        "nw": [
            -125.17971768011134,
            49.62228937500671
        ],
        "ne": [
            -112.52613802074656,
            49.62228937500671
        ],
        "se": [
            -112.52613802074656,
            41.45675801849897
        ],
        "sw": [
            -125.17971768011134,
            41.45675801849897
        ]
    }
}