{
    "original_sweep_number": 10,
    "elevation_index": 2,
    "elevation_angle_degrees": 0.17578125,
    "azimuth_angle_degrees": 176.231689453125,
    "bounding_box_lon_lat": {
        "nw": [
            -125.23774488708435,
            49.65415431739793
        ],
        "ne": [
            -112.46811073509066,
            49.65415431739793
        ],
        "se": [
            -112.46811073509066,
            41.41969476975219
        ],
        "sw": [
            -125.23774488708435,
            41.41969476975219
        ]
    }
}