{
    "original_sweep_number": 15,
    "elevation_index": 15,
    "elevation_angle_degrees": 4.9493408203125,
    "azimuth_angle_degrees": 150.5621337890625,
    "bounding_box_lon_lat": {
        "nw": [
            -125.17971897331427,
            49.62228912557311
        ],
        "ne": [
            -112.52613775701067,
            49.62228912557311
        ],
        "se": [
            -112.52613775701067,
            41.456812542628505
        ],
        "sw": [
            -125.17971897331427,
            41.456812542628505
        ]
    }
}