{
    "original_sweep_number": 10,
    "elevation_index": 1,
    "elevation_angle_degrees": 0.17578125,
    "azimuth_angle_degrees": 73.201904296875,
    "bounding_box_lon_lat": {
        "nw": [
            -125.23774474524193,
            49.654155739651614
        ],
        "ne": [
            -112.46811096456648,
            49.654155739651614
        ],
        "se": [
            -112.46811096456648,
            41.419694249239015
        ],
        "sw": [
            -125.23774474524193,
            41.419694249239015
        ]
    }
}