{
    "original_sweep_number": 6,
    "elevation_index": 7,
    "elevation_angle_degrees": 0.8349609375,
    "azimuth_angle_degrees": 333.21258544921875,
    "bounding_box_lon_lat": {
        "nw": [
            -125.23276904561567,
            49.65142488876759
        ],
        "ne": [
            -112.47308681243352,
            49.65142488876759
        ],
        "se": [
            -112.47308681243352,
            41.42287106675506
        ],
        "sw": [
            -125.23276904561567,
            41.42287106675506
        ]
    }
}