{
    "original_sweep_number": 19,
    "elevation_index": 18,
    "elevation_angle_degrees": 11.79656982421875,
    "azimuth_angle_degrees": 92.49664306640625,
    "bounding_box_lon_lat": {
        "nw": [
            -125.01580607142634,
            49.53189401915581
        ],
        "ne": [
            -112.68895393593789,
            49.53189401915581
        ],
        "se": [
            -112.68895393593789,
            41.56158290999034
        ],
        "sw": [
            -125.01580607142634,
            41.56158290999034
        ]
    }
}