{
    "original_sweep_number": 12,
    "elevation_index": 11,
    "elevation_angle_degrees": 2.21923828125,
    "azimuth_angle_degrees": 175.5560302734375,
    "bounding_box_lon_lat": {
        "nw": [
            -125.2176595686456,
            49.64313250691964
        ],
        "ne": [
            -112.48819703123752,
            49.64313250691964
        ],
        "se": [
            -112.48819703123752,
            41.43233373644089
        ],
        "sw": [
            -125.2176595686456,
            41.43233373644089
        ]
    }
}