{
    "original_sweep_number": 8,
    "elevation_index": 9,
    "elevation_angle_degrees": 1.2744140625,
    "azimuth_angle_degrees": 295.224609375,
    "bounding_box_lon_lat": {
        "nw": [
            -125.22895232986912,
            49.64933025216386
        ],
        "ne": [
            -112.47690425044496,
            49.64933025216386
        ],
        "se": [
            -112.47690425044496,
            41.425308194645815
        ],
        "sw": [
            -125.22895232986912,
            41.425308194645815
        ]
    }
}