{
    "original_sweep_number": 4,
    "elevation_index": 5,
    "elevation_angle_degrees": 0.4833984375,
    "azimuth_angle_degrees": 140.2294921875,
    "bounding_box_lon_lat": {
        "nw": [
            -125.23553410235083,
            49.652942078812856
        ],
        "ne": [
            -112.47032292171804,
            49.652942078812856
        ],
        "se": [
            -112.47032292171804,
            41.42110582830605
        ],
        "sw": [
            -125.23553410235083,
            41.42110582830605
        ]
    }
}