{
    "original_sweep_number": 11,
    "elevation_index": 10,
    "elevation_angle_degrees": 1.724853515625,
    "azimuth_angle_degrees": 195.54840087890625,
    "bounding_box_lon_lat": {
        "nw": [
            -125.22428858861737,
            49.646771712658
        ],
        "ne": [
            -112.48156722449727,
            49.646771712658
        ],
        "se": [
            -112.48156722449727,
            41.42828615395844
        ],
        "sw": [
            -125.22428858861737,
            41.42828615395844
        ]
    }
}