{
    "original_sweep_number": 5,
    "elevation_index": 6,
    "elevation_angle_degrees": 0.72784423828125,
    "azimuth_angle_degrees": 357.2479248046875,
    "bounding_box_lon_lat": {
        "nw": [
            -125.23280174273377,
            49.651667360386874
        ],
        "ne": [
            -112.47305460787285,
            49.651667360386874
        ],
        "se": [
            -112.47305460787285,
            41.42287025495428
        ],
        "sw": [
            -125.23280174273377,
            41.42287025495428
        ]
    }
}