{
    "original_sweep_number": 6,
    "elevation_index": 7,
    "elevation_angle_degrees": 0.8349609375,
    "azimuth_angle_degrees": 21.170654296875,
    "bounding_box_lon_lat": {
        "nw": [
            -125.23276895838211,
            49.651425864792174
        ],
        "ne": [
            -112.47308668804989,
            49.651425864792174
        ],
        "se": [
            -112.47308668804989,
            41.42287074038193
        ],
        "sw": [
            -125.23276895838211,
            41.42287074038193
        ]
    }
}