{
    "original_sweep_number": 5,
    "elevation_index": 6,
    "elevation_angle_degrees": 0.72235107421875,
    "azimuth_angle_degrees": 23.2525634765625,
    "bounding_box_lon_lat": {
        "nw": [
            -125.23277053277292,
            49.65142595270631
        ],
        "ne": [
            -112.47308573026781,
            49.65142595270631
        ],
        "se": [
            -112.47308573026781,
            41.42287023722687
        ],
        "sw": [
            -125.23277053277292,
            41.42287023722687
        ]
    }
}