{
    "original_sweep_number": 5,
    "elevation_index": 7,
    "elevation_angle_degrees": 0.92010498046875,
    "azimuth_angle_degrees": 159.2138671875,
    "bounding_box_lon_lat": {
        "nw": [
            -125.23277060330845,
            49.651425929950335
        ],
        "ne": [
            -112.47308571081228,
            49.651425929950335
        ],
        "se": [
            -112.47308571081228,
            41.422870236272644
        ],
        "sw": [
            -125.23277060330845,
            41.422870236272644
        ]
    }
}