{
    "original_sweep_number": 5,
    "elevation_index": 6,
    "elevation_angle_degrees": 0.68115234375,
    "azimuth_angle_degrees": 312.25067138671875,
    "bounding_box_lon_lat": {
        "nw": [
            -125.23240671911628,
            49.65122629682869
        ],
        "ne": [
            -112.47344959865336,
            49.65122629682869
        ],
        "se": [
            -112.47344959865336,
            41.42310258099555
        ],
        "sw": [
            -125.23240671911628,
            41.42310258099555
        ]
    }
}