{
    "original_sweep_number": 15,
    "elevation_index": 14,
    "elevation_angle_degrees": 4.93011474609375,
    "azimuth_angle_degrees": 53.55010986328125,
    "bounding_box_lon_lat": {
        "nw": [
            -125.179718743713,
            49.62229050562196
        ],
        "ne": [
            -112.52615831713639,
            49.62229050562196
        ],
        "se": [
            -112.52615831713639,
            41.45675746484092
        ],
        "sw": [
            -125.179718743713,
            41.45675746484092
        ]
    }
}