{
    "original_sweep_number": 16,
    "elevation_index": 15,
    "elevation_angle_degrees": 6.28143310546875,
    "azimuth_angle_degrees": 196.55914306640625,
    "bounding_box_lon_lat": {
        "nw": [
            -125.15570463826955,
            49.60908123840579
        ],
        "ne": [
            -112.5501506467602,
            49.60908123840579
        ],
        "se": [
            -112.5501506467602,
            41.47210583292187
        ],
        "sw": [
            -125.15570463826955,
            41.47210583292187
        ]
    }
}