{
    "original_sweep_number": 2,
    "elevation_index": 1,
    "elevation_angle_degrees": 0.17578125,
    "azimuth_angle_degrees": 200.20660400390625,
    "bounding_box_lon_lat": {
        "nw": [
            -125.23774522164928,
            49.654155371746505
        ],
        "ne": [
            -112.46811091902332,
            49.654155371746505
        ],
        "se": [
            -112.46811091902332,
            41.419693592121575
        ],
        "sw": [
            -125.23774522164928,
            41.419693592121575
        ]
    }
}