{
    "original_sweep_number": 2,
    "elevation_index": 1,
    "elevation_angle_degrees": 0.17578125,
    "azimuth_angle_degrees": 124.1949462890625,
    "bounding_box_lon_lat": {
        "nw": [
            -125.23774540421887,
            49.65415536207954
        ],
        "ne": [
            -112.46811039504861,
            49.65415536207954
        ],
        "se": [
            -112.46811039504861,
            41.41969396687779
        ],
        "sw": [
            -125.23774540421887,
            41.41969396687779
        ]
    }
}