{
    "original_sweep_number": 9,
    "elevation_index": 2,
    "elevation_angle_degrees": 0.230712890625,
    "azimuth_angle_degrees": 186.24298095703125,
    "bounding_box_lon_lat": {
        "nw": [
            -125.23774643202827,
            49.65415563486904
        ],
        "ne": [
            -112.46810987113128,
            49.65415563486904
        ],
        "se": [
            -112.46810987113128,
            41.41969320625486
        ],
        "sw": [
            -125.23774643202827,
            41.41969320625486
        ]
    }
}