{
    "original_sweep_number": 12,
    "elevation_index": 11,
    "elevation_angle_degrees": 2.26318359375,
    "azimuth_angle_degrees": 85.5560302734375,
    "bounding_box_lon_lat": {
        "nw": [
            -125.21765984330196,
            49.64313257628499
        ],
        "ne": [
            -112.48819623241938,
            49.64313257628499
        ],
        "se": [
            -112.48819623241938,
            41.432520664458046
        ],
        "sw": [
            -125.21765984330196,
            41.432520664458046
        ]
    }
}