{
    "original_sweep_number": 4,
    "elevation_index": 5,
    "elevation_angle_degrees": 0.439453125,
    "azimuth_angle_degrees": 306.221923828125,
    "bounding_box_lon_lat": {
        "nw": [
            -125.23586285551971,
            49.65312293974504
        ],
        "ne": [
            -112.4699922923177,
            49.65312293974504
        ],
        "se": [
            -112.4699922923177,
            41.42089541479048
        ],
        "sw": [
            -125.23586285551971,
            41.42089541479048
        ]
    }
}