{
    "original_sweep_number": 17,
    "elevation_index": 16,
    "elevation_angle_degrees": 7.85247802734375,
    "azimuth_angle_degrees": 100.49468994140625,
    "bounding_box_lon_lat": {
        "nw": [
            -125.1222874052231,
            49.590681497915845
        ],
        "ne": [
            -112.58356896105062,
            49.590681497915845
        ],
        "se": [
            -112.58356896105062,
            41.49347310721668
        ],
        "sw": [
            -125.1222874052231,
            41.49347310721668
        ]
    }
}