{
    "original_sweep_number": 5,
    "elevation_index": 7,
    "elevation_angle_degrees": 0.88165283203125,
    "azimuth_angle_degrees": 56.2554931640625,
    "bounding_box_lon_lat": {
        "nw": [
            -125.23277058916827,
            49.65142591999755
        ],
        "ne": [
            -112.47308572130392,
            49.65142591999755
        ],
        "se": [
            -112.47308572130392,
            41.42287026859806
        ],
        "sw": [
            -125.23277058916827,
            41.42287026859806
        ]
    }
}