{
    "original_sweep_number": 3,
    "elevation_index": 4,
    "elevation_angle_degrees": 0.44769287109375,
    "azimuth_angle_degrees": 69.246826171875,
    "bounding_box_lon_lat": {
        "nw": [
            -125.23553575747492,
            49.652942949698854
        ],
        "ne": [
            -112.47032056576727,
            49.652942949698854
        ],
        "se": [
            -112.47032056576727,
            41.42110471594016
        ],
        "sw": [
            -125.23553575747492,
            41.42110471594016
        ]
    }
}