{
    "original_sweep_number": 6,
    "elevation_index": 6,
    "elevation_angle_degrees": 0.8349609375,
    "azimuth_angle_degrees": 250.1971435546875,
    "bounding_box_lon_lat": {
        "nw": [
            -125.23276832027251,
            49.65142554542303
        ],
        "ne": [
            -112.47308673326647,
            49.65142554542303
        ],
        "se": [
            -112.47308673326647,
            41.42287171595375
        ],
        "sw": [
            -125.23276832027251,
            41.42287171595375
        ]
    }
}