{
    "original_sweep_number": 8,
    "elevation_index": 9,
    "elevation_angle_degrees": 1.2744140625,
    "azimuth_angle_degrees": 225.21148681640625,
    "bounding_box_lon_lat": {
        "nw": [
            -125.22895257358688,
            49.649330381548644
        ],
        "ne": [
            -112.4769038207603,
            49.649330381548644
        ],
        "se": [
            -112.4769038207603,
            41.425308590252946
        ],
        "sw": [
            -125.22895257358688,
            41.425308590252946
        ]
    }
}