{
    "original_sweep_number": 3,
    "elevation_index": 6,
    "elevation_angle_degrees": 0.47515869140625,
    "azimuth_angle_degrees": 293.25531005859375,
    "bounding_box_lon_lat": {
        "nw": [
            -125.23586449326571,
            49.65312332767523
        ],
        "ne": [
            -112.46999177157124,
            49.65312332767523
        ],
        "se": [
            -112.46999177157124,
            41.42089478783502
        ],
        "sw": [
            -125.23586449326571,
            41.42089478783502
        ]
    }
}