{
    "original_sweep_number": 13,
    "elevation_index": 12,
    "elevation_angle_degrees": 2.96356201171875,
    "azimuth_angle_degrees": 129.57550048828125,
    "bounding_box_lon_lat": {
        "nw": [
            -125.20913003181501,
            49.63844938893842
        ],
        "ne": [
            -112.49672712024802,
            49.63844938893842
        ],
        "se": [
            -112.49672712024802,
            41.43796773564254
        ],
        "sw": [
            -125.20913003181501,
            41.43796773564254
        ]
    }
}