{
    "original_sweep_number": 16,
    "elevation_index": 15,
    "elevation_angle_degrees": 6.30340576171875,
    "azimuth_angle_degrees": 297.55096435546875,
    "bounding_box_lon_lat": {
        "nw": [
            -125.15570573042733,
            49.60908253557027
        ],
        "ne": [
            -112.55015059281486,
            49.60908253557027
        ],
        "se": [
            -112.55015059281486,
            41.47210524045406
        ],
        "sw": [
            -125.15570573042733,
            41.47210524045406
        ]
    }
}