{
    "original_sweep_number": 5,
    "elevation_index": 7,
    "elevation_angle_degrees": 0.88165283203125,
    "azimuth_angle_degrees": 11.23626708984375,
    "bounding_box_lon_lat": {
        "nw": [
            -125.23277061972969,
            49.65142594479729
        ],
        "ne": [
            -112.47308573087679,
            49.65142594479729
        ],
        "se": [
            -112.47308573087679,
            41.422870244311675
        ],
        "sw": [
            -125.23277061972969,
            41.422870244311675
        ]
    }
}