{
    "original_sweep_number": 8,
    "elevation_index": 9,
    "elevation_angle_degrees": 1.2744140625,
    "azimuth_angle_degrees": 137.230224609375,
    "bounding_box_lon_lat": {
        "nw": [
            -125.22895072678574,
            49.649331473646036
        ],
        "ne": [
            -112.476903554467,
            49.649331473646036
        ],
        "se": [
            -112.476903554467,
            41.42530994881521
        ],
        "sw": [
            -125.22895072678574,
            41.42530994881521
        ]
    }
}