{
    "original_sweep_number": 9,
    "elevation_index": 3,
    "elevation_angle_degrees": 0.3570556640625,
    "azimuth_angle_degrees": 9.2449951171875,
    "bounding_box_lon_lat": {
        "nw": [
            -125.23774648330436,
            49.654155647622176
        ],
        "ne": [
            -112.46810983993782,
            49.654155647622176
        ],
        "se": [
            -112.46810983993782,
            41.41969321563106
        ],
        "sw": [
            -125.23774648330436,
            41.41969321563106
        ]
    }
}