{
    "original_sweep_number": 16,
    "elevation_index": 15,
    "elevation_angle_degrees": 6.30340576171875,
    "azimuth_angle_degrees": 94.54833984375,
    "bounding_box_lon_lat": {
        "nw": [
            -125.15570518043955,
            49.60908220577851
        ],
        "ne": [
            -112.55015063811602,
            49.60908220577851
        ],
        "se": [
            -112.55015063811602,
            41.472105019451035
        ],
        "sw": [
            -125.15570518043955,
            41.472105019451035
        ]
    }
}