{
    "original_sweep_number": 9,
    "elevation_index": 3,
    "elevation_angle_degrees": 0.34332275390625,
    "azimuth_angle_degrees": 62.24029541015625,
    "bounding_box_lon_lat": {
        "nw": [
            -125.23774650339944,
            49.65415569171317
        ],
        "ne": [
            -112.46810986365946,
            49.65415569171317
        ],
        "se": [
            -112.46810986365946,
            41.41969324694479
        ],
        "sw": [
            -125.23774650339944,
            41.41969324694479
        ]
    }
}