{
    "original_sweep_number": 9,
    "elevation_index": 2,
    "elevation_angle_degrees": 0.263671875,
    "azimuth_angle_degrees": 151.25701904296875,
    "bounding_box_lon_lat": {
        "nw": [
            -125.2377464521109,
            49.65415563380567
        ],
        "ne": [
            -112.4681098547,
            49.65415563380567
        ],
        "se": [
            -112.4681098547,
            41.419693224471985
        ],
        "sw": [
            -125.2377464521109,
            41.419693224471985
        ]
    }
}