{
    "original_sweep_number": 2,
    "elevation_index": 1,
    "elevation_angle_degrees": 0.17578125,
    "azimuth_angle_degrees": 136.22222900390625,
    "bounding_box_lon_lat": {
        "nw": [
            -125.23774422467933,
            49.6541554661806
        ],
        "ne": [
            -112.46811012498571,
            49.6541554661806
        ],
        "se": [
            -112.46811012498571,
            41.4196940784013
        ],
        "sw": [
            -125.23774422467933,
            41.4196940784013
        ]
    }
}