{
    "original_sweep_number": 1,
    "elevation_index": 4,
    "elevation_angle_degrees": 0.37628173828125,
    "azimuth_angle_degrees": 267.25067138671875,
    "bounding_box_lon_lat": {
        "nw": [
            -125.23710425468074,
            49.65400653899438
        ],
        "ne": [
            -112.46841439031434,
            49.65400653899438
        ],
        "se": [
            -112.46841439031434,
            41.41988759001
        ],
        "sw": [
            -125.23710425468074,
            41.41988759001
        ]
    }
}