{
    "original_sweep_number": 21,
    "elevation_index": 20,
    "elevation_angle_degrees": 16.54266357421875,
    "azimuth_angle_degrees": 26.49078369140625,
    "bounding_box_lon_lat": {
        "nw": [
            -124.84975007918337,
            49.43973719207887
        ],
        "ne": [
            -112.85610625778438,
            49.43973719207887
        ],
        "se": [
            -112.85610625778438,
            41.668135254108144
        ],
        "sw": [
            -124.84975007918337,
            41.668135254108144
        ]
    }
}