{
    "original_sweep_number": 12,
    "elevation_index": 11,
    "elevation_angle_degrees": 2.230224609375,
    "azimuth_angle_degrees": 107.56439208984375,
    "bounding_box_lon_lat": {
        "nw": [
            -125.21765841153906,
            49.6431328416877
        ],
        "ne": [
            -112.4881977497226,
            49.6431328416877
        ],
        "se": [
            -112.4881977497226,
            41.43252002947139
        ],
        "sw": [
            -125.21765841153906,
            41.43252002947139
        ]
    }
}