{
    "original_sweep_number": 12,
    "elevation_index": 11,
    "elevation_angle_degrees": 2.2796630859375,
    "azimuth_angle_degrees": 284.5513916015625,
    "bounding_box_lon_lat": {
        "nw": [
            -125.21765891898718,
            49.64313188597199
        ],
        "ne": [
            -112.48819697291358,
            49.64313188597199
        ],
        "se": [
            -112.48819697291358,
            41.43251999051169
        ],
        "sw": [
            -125.21765891898718,
            41.43251999051169
        ]
    }
}