{
    "original_sweep_number": 11,
    "elevation_index": 10,
    "elevation_angle_degrees": 1.7138671875,
    "azimuth_angle_degrees": 110.555419921875,
    "bounding_box_lon_lat": {
        "nw": [
            -125.22428816776218,
            49.64677173489726
        ],
        "ne": [
            -112.4815678712661,
            49.64677173489726
        ],
        "se": [
            -112.4815678712661,
            41.42828643368753
        ],
        "sw": [
            -125.22428816776218,
            41.42828643368753
        ]
    }
}