{
    "original_sweep_number": 16,
    "elevation_index": 15,
    "elevation_angle_degrees": 6.295166015625,
    "azimuth_angle_degrees": 313.55255126953125,
    "bounding_box_lon_lat": {
        "nw": [
            -125.15570518043955,
            49.609082235190364
        ],
        "ne": [
            -112.5501517051677,
            49.609082235190364
        ],
        "se": [
            -112.5501517051677,
            41.47210576739596
        ],
        "sw": [
            -125.15570518043955,
            41.47210576739596
        ]
    }
}