{
    "original_sweep_number": 5,
    "elevation_index": 7,
    "elevation_angle_degrees": 0.84869384765625,
    "azimuth_angle_degrees": 244.2535400390625,
    "bounding_box_lon_lat": {
        "nw": [
            -125.23277053216395,
            49.65142594798255
        ],
        "ne": [
            -112.47308570898535,
            49.65142594798255
        ],
        "se": [
            -112.47308570898535,
            41.42287022681256
        ],
        "sw": [
            -125.23277053216395,
            41.42287022681256
        ]
    }
}