{
    "original_sweep_number": 6,
    "elevation_index": 6,
    "elevation_angle_degrees": 0.8349609375,
    "azimuth_angle_degrees": 26.21612548828125,
    "bounding_box_lon_lat": {
        "nw": [
            -125.23276779809643,
            49.65142571216385
        ],
        "ne": [
            -112.47308640897377,
            49.65142571216385
        ],
        "se": [
            -112.47308640897377,
            41.42287146490984
        ],
        "sw": [
            -125.23276779809643,
            41.42287146490984
        ]
    }
}