{
    "original_sweep_number": 1,
    "elevation_index": 3,
    "elevation_angle_degrees": 0.3460693359375,
    "azimuth_angle_degrees": 281.260986328125,
    "bounding_box_lon_lat": {
        "nw": [
            -125.23744203880511,
            49.653988628273524
        ],
        "ne": [
            -112.46841432277488,
            49.653988628273524
        ],
        "se": [
            -112.46841432277488,
            41.419887604165645
        ],
        "sw": [
            -125.23744203880511,
            41.419887604165645
        ]
    }
}