{
    "original_sweep_number": 1,
    "elevation_index": 2,
    "elevation_angle_degrees": 0.2581787109375,
    "azimuth_angle_degrees": 323.250732421875,
    "bounding_box_lon_lat": {
        "nw": [
            -125.23774638777064,
            49.65415569075614
        ],
        "ne": [
            -112.46810993547156,
            49.65415569075614
        ],
        "se": [
            -112.46810993547156,
            41.4196932389444
        ],
        "sw": [
            -125.23774638777064,
            41.4196932389444
        ]
    }
}