{
    "original_sweep_number": 12,
    "elevation_index": 11,
    "elevation_angle_degrees": 2.22747802734375,
    "azimuth_angle_degrees": 126.573486328125,
    "bounding_box_lon_lat": {
        "nw": [
            -125.21765798650829,
            49.643132158235524
        ],
        "ne": [
            -112.48819768153174,
            49.643132158235524
        ],
        "se": [
            -112.48819768153174,
            41.432520409598766
        ],
        "sw": [
            -125.21765798650829,
            41.432520409598766
        ]
    }
}