{
    "original_sweep_number": 17,
    "elevation_index": 16,
    "elevation_angle_degrees": 7.85797119140625,
    "azimuth_angle_degrees": 311.5008544921875,
    "bounding_box_lon_lat": {
        "nw": [
            -125.12228739087926,
            49.59068149642306
        ],
        "ne": [
            -112.58356892339802,
            49.59068149642306
        ],
        "se": [
            -112.58356892339802,
            41.4934731167568
        ],
        "sw": [
            -125.12228739087926,
            41.4934731167568
        ]
    }
}