{
    "original_sweep_number": 17,
    "elevation_index": 15,
    "elevation_angle_degrees": 7.877197265625,
    "azimuth_angle_degrees": 22.5,
    "bounding_box_lon_lat": {
        "nw": [
            -125.12228739146698,
            49.59068150172468
        ],
        "ne": [
            -112.58356894432606,
            49.59068150172468
        ],
        "se": [
            -112.58356894432606,
            41.49347310783347
        ],
        "sw": [
            -125.12228739146698,
            41.49347310783347
        ]
    }
}