{
    "original_sweep_number": 17,
    "elevation_index": 16,
    "elevation_angle_degrees": 7.83599853515625,
    "azimuth_angle_degrees": 183.49365234375,
    "bounding_box_lon_lat": {
        "nw": [
            -125.12228737656523,
            49.59068148313058
        ],
        "ne": [
            -112.5835689341261,
            49.59068148313058
        ],
        "se": [
            -112.5835689341261,
            41.493473117142315
        ],
        "sw": [
            -125.12228737656523,
            41.493473117142315
        ]
    }
}