{
    "original_sweep_number": 2,
    "elevation_index": 1,
    "elevation_angle_degrees": 0.17578125,
    "azimuth_angle_degrees": 279.19281005859375,
    "bounding_box_lon_lat": {
        "nw": [
            -125.23774501288523,
            49.654155292371094
        ],
        "ne": [
            -112.46810992465385,
            49.654155292371094
        ],
        "se": [
            -112.46810992465385,
            41.41969420146203
        ],
        "sw": [
            -125.23774501288523,
            41.41969420146203
        ]
    }
}