{
    "original_sweep_number": 18,
    "elevation_index": 18,
    "elevation_angle_degrees": 9.84100341796875,
    "azimuth_angle_degrees": 218.50982666015625,
    "bounding_box_lon_lat": {
        "nw": [
            -125.07236389489215,
            49.56314893165814
        ],
        "ne": [
            -112.63349243368653,
            49.56314893165814
        ],
        "se": [
            -112.63349243368653,
            41.525414476905546
        ],
        "sw": [
            -125.07236389489215,
            41.525414476905546
        ]
    }
}