{
    "original_sweep_number": 17,
    "elevation_index": 16,
    "elevation_angle_degrees": 7.81402587890625,
    "azimuth_angle_degrees": 122.49481201171875,
    "bounding_box_lon_lat": {
        "nw": [
            -125.12228736219156,
            49.590681497915845
        ],
        "ne": [
            -112.58356893236292,
            49.590681497915845
        ],
        "se": [
            -112.58356893236292,
            41.49347310783347
        ],
        "sw": [
            -125.12228736219156,
            41.49347310783347
        ]
    }
}