{
    "original_sweep_number": 12,
    "elevation_index": 12,
    "elevation_angle_degrees": 2.2412109375,
    "azimuth_angle_degrees": 72.57568359375,
    "bounding_box_lon_lat": {
        "nw": [
            -125.21765756358383,
            49.64314148527461
        ],
        "ne": [
            -112.48838591901591,
            49.64314148527461
        ],
        "se": [
            -112.48838591901591,
            41.43251980080911
        ],
        "sw": [
            -125.21765756358383,
            41.43251980080911
        ]
    }
}