{
    "original_sweep_number": 6,
    "elevation_index": 5,
    "elevation_angle_degrees": 0.8349609375,
    "azimuth_angle_degrees": 328.21380615234375,
    "bounding_box_lon_lat": {
        "nw": [
            -125.23276967831062,
            49.65142552231792
        ],
        "ne": [
            -112.47308585136702,
            49.65142552231792
        ],
        "se": [
            -112.47308585136702,
            41.422870612342074
        ],
        "sw": [
            -125.23276967831062,
            41.422870612342074
        ]
    }
}