{
    "original_sweep_number": 7,
    "elevation_index": 8,
    "elevation_angle_degrees": 1.11785888671875,
    "azimuth_angle_degrees": 121.24786376953125,
    "bounding_box_lon_lat": {
        "nw": [
            -125.22895330845593,
            49.64933145120742
        ],
        "ne": [
            -112.47690295644371,
            49.64933145120742
        ],
        "se": [
            -112.47690295644371,
            41.42530769322844
        ],
        "sw": [
            -125.22895330845593,
            41.42530769322844
        ]
    }
}