{
    "original_sweep_number": 14,
    "elevation_index": 13,
    "elevation_angle_degrees": 3.84796142578125,
    "azimuth_angle_degrees": 111.54693603515625,
    "bounding_box_lon_lat": {
        "nw": [
            -125.19704158028996,
            49.63181001760619
        ],
        "ne": [
            -112.50881474295221,
            49.63181001760619
        ],
        "se": [
            -112.50881474295221,
            41.44568944350184
        ],
        "sw": [
            -125.19704158028996,
            41.44568944350184
        ]
    }
}