{
    "original_sweep_number": 1,
    "elevation_index": 2,
    "elevation_angle_degrees": 0.19500732421875,
    "azimuth_angle_degrees": 215.2496337890625,
    "bounding_box_lon_lat": {
        "nw": [
            -125.23774647540404,
            49.654155686116006
        ],
        "ne": [
            -112.46810982045271,
            49.654155686116006
        ],
        "se": [
            -112.46810982045271,
            41.419693223277555
        ],
        "sw": [
            -125.23774647540404,
            41.419693223277555
        ]
    }
}