{
    "original_sweep_number": 9,
    "elevation_index": 1,
    "elevation_angle_degrees": 0.15655517578125,
    "azimuth_angle_degrees": 233.25897216796875,
    "bounding_box_lon_lat": {
        "nw": [
            -125.23774647464163,
            49.654155680207076
        ],
        "ne": [
            -112.46810982669221,
            49.654155680207076
        ],
        "se": [
            -112.46810982669221,
            41.41969323416671
        ],
        "sw": [
            -125.23774647464163,
            41.41969323416671
        ]
    }
}