{
    "original_sweep_number": 3,
    "elevation_index": 4,
    "elevation_angle_degrees": 0.44219970703125,
    "azimuth_angle_degrees": 123.24737548828125,
    "bounding_box_lon_lat": {
        "nw": [
            -125.23553575609309,
            49.652942898564106
        ],
        "ne": [
            -112.47032061095076,
            49.652942898564106
        ],
        "se": [
            -112.47032061095076,
            41.42110471570142
        ],
        "sw": [
            -125.23553575609309,
            41.42110471570142
        ]
    }
}