{
    "original_sweep_number": 8,
    "elevation_index": 8,
    "elevation_angle_degrees": 1.2744140625,
    "azimuth_angle_degrees": 205.1971435546875,
    "bounding_box_lon_lat": {
        "nw": [
            -125.2289519026475,
            49.64933041326783
        ],
        "ne": [
            -112.47690442059469,
            49.64933041326783
        ],
        "se": [
            -112.47690442059469,
            41.4253083181109
        ],
        "sw": [
            -125.2289519026475,
            41.4253083181109
        ]
    }
}