{
    "original_sweep_number": 16,
    "elevation_index": 16,
    "elevation_angle_degrees": 6.29791259765625,
    "azimuth_angle_degrees": 174.5562744140625,
    "bounding_box_lon_lat": {
        "nw": [
            -125.15570509251073,
            49.6090815596744
        ],
        "ne": [
            -112.55015209590846,
            49.6090815596744
        ],
        "se": [
            -112.55015209590846,
            41.47143223131208
        ],
        "sw": [
            -125.15570509251073,
            41.47143223131208
        ]
    }
}