{
    "original_sweep_number": 12,
    "elevation_index": 11,
    "elevation_angle_degrees": 2.22198486328125,
    "azimuth_angle_degrees": 119.56146240234375,
    "bounding_box_lon_lat": {
        "nw": [
            -125.2176588497432,
            49.64313253026687
        ],
        "ne": [
            -112.48819649251573,
            49.64313253026687
        ],
        "se": [
            -112.48819649251573,
            41.43251938674534
        ],
        "sw": [
            -125.2176588497432,
            41.43251938674534
        ]
    }
}