{
    "original_sweep_number": 10,
    "elevation_index": 1,
    "elevation_angle_degrees": 0.17578125,
    "azimuth_angle_degrees": 22.22808837890625,
    "bounding_box_lon_lat": {
        "nw": [
            -125.23774470132601,
            49.65415539929733
        ],
        "ne": [
            -112.46811059770086,
            49.65415539929733
        ],
        "se": [
            -112.46811059770086,
            41.419694301140986
        ],
        "sw": [
            -125.23774470132601,
            41.419694301140986
        ]
    }
}