{
    "original_sweep_number": 6,
    "elevation_index": 7,
    "elevation_angle_degrees": 0.87890625,
    "azimuth_angle_degrees": 38.21868896484375,
    "bounding_box_lon_lat": {
        "nw": [
            -125.23240584827046,
            49.651225767459664
        ],
        "ne": [
            -112.47345008094814,
            49.651225767459664
        ],
        "se": [
            -112.47345008094814,
            41.423103393411786
        ],
        "sw": [
            -125.23240584827046,
            41.423103393411786
        ]
    }
}