{
    "original_sweep_number": 13,
    "elevation_index": 12,
    "elevation_angle_degrees": 2.96905517578125,
    "azimuth_angle_degrees": 309.55352783203125,
    "bounding_box_lon_lat": {
        "nw": [
            -125.2091304090874,
            49.63844943821712
        ],
        "ne": [
            -112.49672627949032,
            49.63844943821712
        ],
        "se": [
            -112.49672627949032,
            41.437967313191514
        ],
        "sw": [
            -125.2091304090874,
            41.437967313191514
        ]
    }
}