{
    "original_sweep_number": 15,
    "elevation_index": 15,
    "elevation_angle_degrees": 4.932861328125,
    "azimuth_angle_degrees": 136.55181884765625,
    "bounding_box_lon_lat": {
        "nw": [
            -125.17971827252138,
            49.62229029934043
        ],
        "ne": [
            -112.52613820450762,
            49.62229029934043
        ],
        "se": [
            -112.52613820450762,
            41.456757746897345
        ],
        "sw": [
            -125.17971827252138,
            41.456757746897345
        ]
    }
}