{
    "original_sweep_number": 11,
    "elevation_index": 10,
    "elevation_angle_degrees": 1.746826171875,
    "azimuth_angle_degrees": 159.54620361328125,
    "bounding_box_lon_lat": {
        "nw": [
            -125.22428877096068,
            49.646772103215476
        ],
        "ne": [
            -112.48156782192032,
            49.646772103215476
        ],
        "se": [
            -112.48156782192032,
            41.42826828473286
        ],
        "sw": [
            -125.22428877096068,
            41.42826828473286
        ]
    }
}