{
    "original_sweep_number": 18,
    "elevation_index": 17,
    "elevation_angle_degrees": 9.83001708984375,
    "azimuth_angle_degrees": 132.506103515625,
    "bounding_box_lon_lat": {
        "nw": [
            -125.0723638935911,
            49.563148922377934
        ],
        "ne": [
            -112.63349245633356,
            49.563148922377934
        ],
        "se": [
            -112.63349245633356,
            41.525414476905546
        ],
        "sw": [
            -125.0723638935911,
            41.525414476905546
        ]
    }
}