{
    "original_sweep_number": 19,
    "elevation_index": 18,
    "elevation_angle_degrees": 11.8212890625,
    "azimuth_angle_degrees": 247.510986328125,
    "bounding_box_lon_lat": {
        "nw": [
            -125.01642587310256,
            49.53189403360512
        ],
        "ne": [
            -112.69005026421537,
            49.53189403360512
        ],
        "se": [
            -112.69005026421537,
            41.56160312128695
        ],
        "sw": [
            -125.01642587310256,
            41.56160312128695
        ]
    }
}