{
    "original_sweep_number": 12,
    "elevation_index": 11,
    "elevation_angle_degrees": 2.21649169921875,
    "azimuth_angle_degrees": 213.56048583984375,
    "bounding_box_lon_lat": {
        "nw": [
            -125.21765971408152,
            49.64313261231469
        ],
        "ne": [
            -112.4881971624425,
            49.64313261231469
        ],
        "se": [
            -112.4881971624425,
            41.432520265514775
        ],
        "sw": [
            -125.21765971408152,
            41.432520265514775
        ]
    }
}