{
    "original_sweep_number": 13,
    "elevation_index": 12,
    "elevation_angle_degrees": 2.96356201171875,
    "azimuth_angle_degrees": 33.55499267578125,
    "bounding_box_lon_lat": {
        "nw": [
            -125.20912938512289,
            49.63844965304486
        ],
        "ne": [
            -112.4967265182561,
            49.63844965304486
        ],
        "se": [
            -112.4967265182561,
            41.437968212514086
        ],
        "sw": [
            -125.20912938512289,
            41.437968212514086
        ]
    }
}