{
    "original_sweep_number": 16,
    "elevation_index": 15,
    "elevation_angle_degrees": 6.23748779296875,
    "azimuth_angle_degrees": 212.5579833984375,
    "bounding_box_lon_lat": {
        "nw": [
            -125.15570431593233,
            49.60908104365716
        ],
        "ne": [
            -112.5501514305252,
            49.60908104365716
        ],
        "se": [
            -112.5501514305252,
            41.472105960325635
        ],
        "sw": [
            -125.15570431593233,
            41.472105960325635
        ]
    }
}