{
    "original_sweep_number": 15,
    "elevation_index": 14,
    "elevation_angle_degrees": 4.92462158203125,
    "azimuth_angle_degrees": 187.547607421875,
    "bounding_box_lon_lat": {
        "nw": [
            -125.1797191000943,
            49.62229011818555
        ],
        "ne": [
            -112.52613763023064,
            49.62229011818555
        ],
        "se": [
            -112.52613763023064,
            41.456757622219705
        ],
        "sw": [
            -125.1797191000943,
            41.456757622219705
        ]
    }
}