{
    "original_sweep_number": 5,
    "elevation_index": 6,
    "elevation_angle_degrees": 0.73883056640625,
    "azimuth_angle_degrees": 25.25482177734375,
    "bounding_box_lon_lat": {
        "nw": [
            -125.2324067221532,
            49.651226279961406
        ],
        "ne": [
            -112.47344964486938,
            49.651226279961406
        ],
        "se": [
            -112.47344964486938,
            41.423102595184936
        ],
        "sw": [
            -125.2324067221532,
            41.423102595184936
        ]
    }
}