{
    "original_sweep_number": 1,
    "elevation_index": 3,
    "elevation_angle_degrees": 0.39825439453125,
    "azimuth_angle_degrees": 305.24688720703125,
    "bounding_box_lon_lat": {
        "nw": [
            -125.23774650278536,
            49.65415567125789
        ],
        "ne": [
            -112.46810983688812,
            49.65415567125789
        ],
        "se": [
            -112.46810983688812,
            41.41969324686517
        ],
        "sw": [
            -125.23774650278536,
            41.41969324686517
        ]
    }
}