{
    "original_sweep_number": 7,
    "elevation_index": 8,
    "elevation_angle_degrees": 1.1865234375,
    "azimuth_angle_degrees": 0.25543212890625,
    "bounding_box_lon_lat": {
        "nw": [
            -125.22902116458579,
            49.64985833185691
        ],
        "ne": [
            -112.47683513495448,
            49.64985833185691
        ],
        "se": [
            -112.47683513495448,
            41.42530763904113
        ],
        "sw": [
            -125.22902116458579,
            41.42530763904113
        ]
    }
}