{
    "original_sweep_number": 12,
    "elevation_index": 11,
    "elevation_angle_degrees": 2.24395751953125,
    "azimuth_angle_degrees": 349.5684814453125,
    "bounding_box_lon_lat": {
        "nw": [
            -125.21774844761431,
            49.643828243278165
        ],
        "ne": [
            -112.48810918605035,
            49.643828243278165
        ],
        "se": [
            -112.48810918605035,
            41.43252000927887
        ],
        "sw": [
            -125.21774844761431,
            41.43252000927887
        ]
    }
}