{
    "original_sweep_number": 17,
    "elevation_index": 17,
    "elevation_angle_degrees": 7.86346435546875,
    "azimuth_angle_degrees": 186.50390625,
    "bounding_box_lon_lat": {
        "nw": [
            -125.1222874052231,
            49.590681497076154
        ],
        "ne": [
            -112.5835689449138,
            49.590681497076154
        ],
        "se": [
            -112.5835689449138,
            41.493473106053074
        ],
        "sw": [
            -125.1222874052231,
            41.493473106053074
        ]
    }
}