{
    "original_sweep_number": 14,
    "elevation_index": 13,
    "elevation_angle_degrees": 3.8232421875,
    "azimuth_angle_degrees": 166.54998779296875,
    "bounding_box_lon_lat": {
        "nw": [
            -125.19704177653881,
            49.63180943954131
        ],
        "ne": [
            -112.50881417117127,
            49.63180943954131
        ],
        "se": [
            -112.50881417117127,
            41.4454840272546
        ],
        "sw": [
            -125.19704177653881,
            41.4454840272546
        ]
    }
}