{
    "original_sweep_number": 2,
    "elevation_index": 2,
    "elevation_angle_degrees": 0.17578125,
    "azimuth_angle_degrees": 189.21478271484375,
    "bounding_box_lon_lat": {
        "nw": [
            -125.23774427517182,
            49.654154874526476
        ],
        "ne": [
            -112.46811117173641,
            49.654154874526476
        ],
        "se": [
            -112.46811117173641,
            41.41969368528644
        ],
        "sw": [
            -125.23774427517182,
            41.41969368528644
        ]
    }
}