{
    "original_sweep_number": 8,
    "elevation_index": 9,
    "elevation_angle_degrees": 1.2744140625,
    "azimuth_angle_degrees": 67.2088623046875,
    "bounding_box_lon_lat": {
        "nw": [
            -125.2289503731789,
            49.64933095165373
        ],
        "ne": [
            -112.47690325354331,
            49.64933095165373
        ],
        "se": [
            -112.47690325354331,
            41.42530863855457
        ],
        "sw": [
            -125.2289503731789,
            41.42530863855457
        ]
    }
}