{
    "original_sweep_number": 19,
    "elevation_index": 18,
    "elevation_angle_degrees": 11.8048095703125,
    "azimuth_angle_degrees": 300.49530029296875,
    "bounding_box_lon_lat": {
        "nw": [
            -125.01580607531767,
            49.531894036315045
        ],
        "ne": [
            -112.69005024968732,
            49.531894036315045
        ],
        "se": [
            -112.69005024968732,
            41.56162941288965
        ],
        "sw": [
            -125.01580607531767,
            41.56162941288965
        ]
    }
}