{
    "original_sweep_number": 5,
    "elevation_index": 6,
    "elevation_angle_degrees": 0.736083984375,
    "azimuth_angle_degrees": 95.25146484375,
    "bounding_box_lon_lat": {
        "nw": [
            -125.23277043912535,
            49.651425952905235
        ],
        "ne": [
            -112.47308576736252,
            49.651425952905235
        ],
        "se": [
            -112.47308576736252,
            41.42287025773742
        ],
        "sw": [
            -125.23277043912535,
            41.42287025773742
        ]
    }
}