{
    "original_sweep_number": 8,
    "elevation_index": 9,
    "elevation_angle_degrees": 1.2744140625,
    "azimuth_angle_degrees": 57.216796875,
    "bounding_box_lon_lat": {
        "nw": [
            -125.22895200483126,
            49.64933120642336
        ],
        "ne": [
            -112.47690339951565,
            49.64933120642336
        ],
        "se": [
            -112.47690339951565,
            41.42530795542832
        ],
        "sw": [
            -125.22895200483126,
            41.42530795542832
        ]
    }
}