{
    "original_sweep_number": 9,
    "elevation_index": 1,
    "elevation_angle_degrees": 0.1043701171875,
    "azimuth_angle_degrees": 123.25836181640625,
    "bounding_box_lon_lat": {
        "nw": [
            -125.23774632204558,
            49.654155694236245
        ],
        "ne": [
            -112.46810986426941,
            49.654155694236245
        ],
        "se": [
            -112.46810986426941,
            41.41969320625486
        ],
        "sw": [
            -125.23774632204558,
            41.41969320625486
        ]
    }
}