{
    "original_sweep_number": 14,
    "elevation_index": 13,
    "elevation_angle_degrees": 3.82049560546875,
    "azimuth_angle_degrees": 239.5513916015625,
    "bounding_box_lon_lat": {
        "nw": [
            -125.19704085654088,
            49.63181014203857
        ],
        "ne": [
            -112.50881516192163,
            49.63181014203857
        ],
        "se": [
            -112.50881516192163,
            41.44569011271241
        ],
        "sw": [
            -125.19704085654088,
            41.44569011271241
        ]
    }
}