{
    "original_sweep_number": 2,
    "elevation_index": 2,
    "elevation_angle_degrees": 0.2197265625,
    "azimuth_angle_degrees": 294.2193603515625,
    "bounding_box_lon_lat": {
        "nw": [
            -125.23744061482962,
            49.653988701638944
        ],
        "ne": [
            -112.46841541814064,
            49.653988701638944
        ],
        "se": [
            -112.46841541814064,
            41.41988815651727
        ],
        "sw": [
            -125.23744061482962,
            41.41988815651727
        ]
    }
}