{
    "original_sweep_number": 2,
    "elevation_index": 2,
    "elevation_angle_degrees": 0.17578125,
    "azimuth_angle_degrees": 52.218017578125,
    "bounding_box_lon_lat": {
        "nw": [
            -125.23774470132601,
            49.65415539929733
        ],
        "ne": [
            -112.46811091902332,
            49.65415539929733
        ],
        "se": [
            -112.46811091902332,
            41.419693876128385
        ],
        "sw": [
            -125.23774470132601,
            41.419693876128385
        ]
    }
}