{
    "original_sweep_number": 1,
    "elevation_index": 3,
    "elevation_angle_degrees": 0.3570556640625,
    "azimuth_angle_degrees": 189.2449951171875,
    "bounding_box_lon_lat": {
        "nw": [
            -125.23774650278948,
            49.65415568698604
        ],
        "ne": [
            -112.46810986426941,
            49.65415568698604
        ],
        "se": [
            -112.46810986426941,
            41.41969320552714
        ],
        "sw": [
            -125.23774650278948,
            41.41969320552714
        ]
    }
}