{
    "original_sweep_number": 15,
    "elevation_index": 14,
    "elevation_angle_degrees": 4.93560791015625,
    "azimuth_angle_degrees": 172.54852294921875,
    "bounding_box_lon_lat": {
        "nw": [
            -125.17971832704333,
            49.62228953453168
        ],
        "ne": [
            -112.52613756740502,
            49.62228953453168
        ],
        "se": [
            -112.52613756740502,
            41.456107546381574
        ],
        "sw": [
            -125.17971832704333,
            41.456107546381574
        ]
    }
}