{
    "original_sweep_number": 4,
    "elevation_index": 5,
    "elevation_angle_degrees": 0.439453125,
    "azimuth_angle_degrees": 81.16973876953125,
    "bounding_box_lon_lat": {
        "nw": [
            -125.23586388715454,
            49.65312309611469
        ],
        "ne": [
            -112.46999932060028,
            49.65312309611469
        ],
        "se": [
            -112.46999932060028,
            41.420895594109275
        ],
        "sw": [
            -125.23586388715454,
            41.420895594109275
        ]
    }
}