{
    "original_sweep_number": 3,
    "elevation_index": 4,
    "elevation_angle_degrees": 0.42572021484375,
    "azimuth_angle_degrees": 103.2879638671875,
    "bounding_box_lon_lat": {
        "nw": [
            -125.235864294929,
            49.65312332865785
        ],
        "ne": [
            -112.46999176731491,
            49.65312332865785
        ],
        "se": [
            -112.46999176731491,
            41.42089477931497
        ],
        "sw": [
            -125.235864294929,
            41.42089477931497
        ]
    }
}