{
    "original_sweep_number": 20,
    "elevation_index": 19,
    "elevation_angle_degrees": 13.8043212890625,
    "azimuth_angle_degrees": 349.5025634765625,
    "bounding_box_lon_lat": {
        "nw": [
            -124.95050159757291,
            49.497699054414774
        ],
        "ne": [
            -112.75535472566929,
            49.497699054414774
        ],
        "se": [
            -112.75535472566929,
            41.603649938745136
        ],
        "sw": [
            -124.95050159757291,
            41.603649938745136
        ]
    }
}