{
    "original_sweep_number": 10,
    "elevation_index": 1,
    "elevation_angle_degrees": 0.17578125,
    "azimuth_angle_degrees": 249.224853515625,
    "bounding_box_lon_lat": {
        "nw": [
            -125.23774355422466,
            49.65415561233775
        ],
        "ne": [
            -112.46811015644691,
            49.65415561233775
        ],
        "se": [
            -112.46811015644691,
            41.41969384371967
        ],
        "sw": [
            -125.23774355422466,
            41.41969384371967
        ]
    }
}