{
    "original_sweep_number": 9,
    "elevation_index": 3,
    "elevation_angle_degrees": 0.24993896484375,
    "azimuth_angle_degrees": 81.243896484375,
    "bounding_box_lon_lat": {
        "nw": [
            -125.23774648818392,
            49.654155685439314
        ],
        "ne": [
            -112.4680938314395,
            49.654155685439314
        ],
        "se": [
            -112.4680938314395,
            41.41969250816049
        ],
        "sw": [
            -125.23774648818392,
            41.41969250816049
        ]
    }
}