{
    "original_sweep_number": 3,
    "elevation_index": 4,
    "elevation_angle_degrees": 0.4229736328125,
    "azimuth_angle_degrees": 356.25091552734375,
    "bounding_box_lon_lat": {
        "nw": [
            -125.23586282931001,
            49.653110427559454
        ],
        "ne": [
            -112.46999345742894,
            49.653110427559454
        ],
        "se": [
            -112.46999345742894,
            41.42089481245087
        ],
        "sw": [
            -125.23586282931001,
            41.42089481245087
        ]
    }
}