{
    "original_sweep_number": 4,
    "elevation_index": 5,
    "elevation_angle_degrees": 0.4833984375,
    "azimuth_angle_degrees": 223.19000244140625,
    "bounding_box_lon_lat": {
        "nw": [
            -125.23553486970835,
            49.65294290510046
        ],
        "ne": [
            -112.470321300228,
            49.65294290510046
        ],
        "se": [
            -112.470321300228,
            41.421105409924685
        ],
        "sw": [
            -125.23553486970835,
            41.421105409924685
        ]
    }
}