{
    "original_sweep_number": 5,
    "elevation_index": 7,
    "elevation_angle_degrees": 0.6756591796875,
    "azimuth_angle_degrees": 333.24554443359375,
    "bounding_box_lon_lat": {
        "nw": [
            -125.2327871067097,
            49.651553816134054
        ],
        "ne": [
            -112.47306921835678,
            49.651553816134054
        ],
        "se": [
            -112.47306921835678,
            41.42287028325504
        ],
        "sw": [
            -125.2327871067097,
            41.42287028325504
        ]
    }
}