{
    "original_sweep_number": 10,
    "elevation_index": 1,
    "elevation_angle_degrees": 0.17578125,
    "azimuth_angle_degrees": 241.204833984375,
    "bounding_box_lon_lat": {
        "nw": [
            -125.23774537295925,
            49.654155124550286
        ],
        "ne": [
            -112.46811103974203,
            49.654155124550286
        ],
        "se": [
            -112.46811103974203,
            41.41969382287711
        ],
        "sw": [
            -125.23774537295925,
            41.41969382287711
        ]
    }
}