{
    "original_sweep_number": 16,
    "elevation_index": 15,
    "elevation_angle_degrees": 6.23199462890625,
    "azimuth_angle_degrees": 95.548095703125,
    "bounding_box_lon_lat": {
        "nw": [
            -125.15570555441046,
            49.6090821074549
        ],
        "ne": [
            -112.55015064806743,
            49.6090821074549
        ],
        "se": [
            -112.55015064806743,
            41.472105567865945
        ],
        "sw": [
            -125.15570555441046,
            41.472105567865945
        ]
    }
}