{
    "original_sweep_number": 10,
    "elevation_index": 1,
    "elevation_angle_degrees": 0.17578125,
    "azimuth_angle_degrees": 232.196044921875,
    "bounding_box_lon_lat": {
        "nw": [
            -125.23774449508441,
            49.654155624392466
        ],
        "ne": [
            -112.46811057025339,
            49.654155624392466
        ],
        "se": [
            -112.46811057025339,
            41.41969380886253
        ],
        "sw": [
            -125.23774449508441,
            41.41969380886253
        ]
    }
}