{
    "original_sweep_number": 10,
    "elevation_index": 4,
    "elevation_angle_degrees": 0.37078857421875,
    "azimuth_angle_degrees": 54.25323486328125,
    "bounding_box_lon_lat": {
        "nw": [
            -125.23774649790992,
            49.654155647622176
        ],
        "ne": [
            -112.46810983993782,
            49.654155647622176
        ],
        "se": [
            -112.46810983993782,
            41.419693209077224
        ],
        "sw": [
            -125.23774649790992,
            41.419693209077224
        ]
    }
}