{
    "original_sweep_number": 1,
    "elevation_index": 3,
    "elevation_angle_degrees": 0.38726806640625,
    "azimuth_angle_degrees": 173.2489013671875,
    "bounding_box_lon_lat": {
        "nw": [
            -125.23774641515608,
            49.6541556893061
        ],
        "ne": [
            -112.46810982592979,
            49.6541556893061
        ],
        "se": [
            -112.46810982592979,
            41.420047930497496
        ],
        "sw": [
            -125.23774641515608,
            41.420047930497496
        ]
    }
}