{
    "original_sweep_number": 16,
    "elevation_index": 15,
    "elevation_angle_degrees": 6.25946044921875,
    "azimuth_angle_degrees": 75.55023193359375,
    "bounding_box_lon_lat": {
        "nw": [
            -125.15570475412169,
            49.60908214931023
        ],
        "ne": [
            -112.54921111620556,
            49.60908214931023
        ],
        "se": [
            -112.54921111620556,
            41.47206565926697
        ],
        "sw": [
            -125.15570475412169,
            41.47206565926697
        ]
    }
}