{
    "original_sweep_number": 2,
    "elevation_index": 1,
    "elevation_angle_degrees": 0.17578125,
    "azimuth_angle_degrees": 140.17730712890625,
    "bounding_box_lon_lat": {
        "nw": [
            -125.23774433967336,
            49.654155374421826
        ],
        "ne": [
            -112.4681108388576,
            49.654155374421826
        ],
        "se": [
            -112.4681108388576,
            41.41969404634001
        ],
        "sw": [
            -125.23774433967336,
            41.41969404634001
        ]
    }
}