{
    "original_sweep_number": 9,
    "elevation_index": 3,
    "elevation_angle_degrees": 0.3021240234375,
    "azimuth_angle_degrees": 71.25457763671875,
    "bounding_box_lon_lat": {
        "nw": [
            -125.23774632128315,
            49.65415568832731
        ],
        "ne": [
            -112.46810982669221,
            49.65415568832731
        ],
        "se": [
            -112.46810982669221,
            41.41969323416671
        ],
        "sw": [
            -125.23774632128315,
            41.41969323416671
        ]
    }
}