{
    "original_sweep_number": 9,
    "elevation_index": 2,
    "elevation_angle_degrees": 0.37628173828125,
    "azimuth_angle_degrees": 9.24224853515625,
    "bounding_box_lon_lat": {
        "nw": [
            -125.23774650202706,
            49.65415567875703
        ],
        "ne": [
            -112.46810981938944,
            49.65415567875703
        ],
        "se": [
            -112.46810981938944,
            41.41969320544751
        ],
        "sw": [
            -125.23774650202706,
            41.41969320544751
        ]
    }
}