{
    "original_sweep_number": 7,
    "elevation_index": 9,
    "elevation_angle_degrees": 1.15631103515625,
    "azimuth_angle_degrees": 348.24462890625,
    "bounding_box_lon_lat": {
        "nw": [
            -125.22896298691158,
            49.649406191001034
        ],
        "ne": [
            -112.47689331992174,
            49.649406191001034
        ],
        "se": [
            -112.47689331992174,
            41.42530763618147
        ],
        "sw": [
            -125.22896298691158,
            41.42530763618147
        ]
    }
}