{
    "original_sweep_number": 8,
    "elevation_index": 10,
    "elevation_angle_degrees": 1.2744140625,
    "azimuth_angle_degrees": 3.20526123046875,
    "bounding_box_lon_lat": {
        "nw": [
            -125.22895109448751,
            49.649330224278565
        ],
        "ne": [
            -112.4769034292515,
            49.649330224278565
        ],
        "se": [
            -112.4769034292515,
            41.42530893546843
        ],
        "sw": [
            -125.22895109448751,
            41.42530893546843
        ]
    }
}