{
    "original_sweep_number": 7,
    "elevation_index": 9,
    "elevation_angle_degrees": 1.1041259765625,
    "azimuth_angle_degrees": 2.252197265625,
    "bounding_box_lon_lat": {
        "nw": [
            -125.22895337226811,
            49.649331447833035
        ],
        "ne": [
            -112.4769029509741,
            49.649331447833035
        ],
        "se": [
            -112.4769029509741,
            41.42530765398879
        ],
        "sw": [
            -125.22895337226811,
            41.42530765398879
        ]
    }
}