{
    "original_sweep_number": 18,
    "elevation_index": 17,
    "elevation_angle_degrees": 9.832763671875,
    "azimuth_angle_degrees": 271.4996337890625,
    "bounding_box_lon_lat": {
        "nw": [
            -125.07512691887692,
            49.56314891320033
        ],
        "ne": [
            -112.63349243599953,
            49.56314891320033
        ],
        "se": [
            -112.63349243599953,
            41.525296378197275
        ],
        "sw": [
            -125.07512691887692,
            41.525296378197275
        ]
    }
}