{
    "original_sweep_number": 2,
    "elevation_index": 2,
    "elevation_angle_degrees": 0.17578125,
    "azimuth_angle_degrees": 285.20782470703125,
    "bounding_box_lon_lat": {
        "nw": [
            -125.23774480705146,
            49.654155387955555
        ],
        "ne": [
            -112.46811223916623,
            49.654155387955555
        ],
        "se": [
            -112.46811223916623,
            41.41969357887019
        ],
        "sw": [
            -125.23774480705146,
            41.41969357887019
        ]
    }
}