{
    "original_sweep_number": 17,
    "elevation_index": 16,
    "elevation_angle_degrees": 7.8662109375,
    "azimuth_angle_degrees": 39.49310302734375,
    "bounding_box_lon_lat": {
        "nw": [
            -125.12228739675861,
            49.590681471551825
        ],
        "ne": [
            -112.5835689264836,
            49.590681471551825
        ],
        "se": [
            -112.5835689264836,
            41.4934731167568
        ],
        "sw": [
            -125.12228739675861,
            41.4934731167568
        ]
    }
}