{
    "original_sweep_number": 13,
    "elevation_index": 11,
    "elevation_angle_degrees": 2.9498291015625,
    "azimuth_angle_degrees": 290.555419921875,
    "bounding_box_lon_lat": {
        "nw": [
            -125.20912987798583,
            49.638449195923506
        ],
        "ne": [
            -112.49672714502834,
            49.638449195923506
        ],
        "se": [
            -112.49672714502834,
            41.43796810893414
        ],
        "sw": [
            -125.20912987798583,
            41.43796810893414
        ]
    }
}