{
    "original_sweep_number": 13,
    "elevation_index": 12,
    "elevation_angle_degrees": 2.9827880859375,
    "azimuth_angle_degrees": 304.56024169921875,
    "bounding_box_lon_lat": {
        "nw": [
            -125.20912917821384,
            49.638449195923506
        ],
        "ne": [
            -112.496726854214,
            49.638449195923506
        ],
        "se": [
            -112.496726854214,
            41.43796803125283
        ],
        "sw": [
            -125.20912917821384,
            41.43796803125283
        ]
    }
}