{
    "original_sweep_number": 19,
    "elevation_index": 18,
    "elevation_angle_degrees": 11.82403564453125,
    "azimuth_angle_degrees": 15.48797607421875,
    "bounding_box_lon_lat": {
        "nw": [
            -125.01580601143134,
            49.53189403604161
        ],
        "ne": [
            -112.69005024835022,
            49.53189403604161
        ],
        "se": [
            -112.69005024835022,
            41.56162942090697
        ],
        "sw": [
            -125.01580601143134,
            41.56162942090697
        ]
    }
}