{
    "original_sweep_number": 4,
    "elevation_index": 5,
    "elevation_angle_degrees": 0.439453125,
    "azimuth_angle_degrees": 343.19366455078125,
    "bounding_box_lon_lat": {
        "nw": [
            -125.23586290468481,
            49.65312248036193
        ],
        "ne": [
            -112.46999192922462,
            49.65312248036193
        ],
        "se": [
            -112.46999192922462,
            41.42089507343597
        ],
        "sw": [
            -125.23586290468481,
            41.42089507343597
        ]
    }
}