{
    "original_sweep_number": 15,
    "elevation_index": 14,
    "elevation_angle_degrees": 4.9383544921875,
    "azimuth_angle_degrees": 72.5482177734375,
    "bounding_box_lon_lat": {
        "nw": [
            -125.17971943269968,
            49.62228976868128
        ],
        "ne": [
            -112.52613726505865,
            49.62228976868128
        ],
        "se": [
            -112.52613726505865,
            41.45675778436311
        ],
        "sw": [
            -125.17971943269968,
            41.45675778436311
        ]
    }
}