{
    "original_sweep_number": 3,
    "elevation_index": 5,
    "elevation_angle_degrees": 0.439453125,
    "azimuth_angle_degrees": 297.25982666015625,
    "bounding_box_lon_lat": {
        "nw": [
            -125.23586455851441,
            49.65312332103918
        ],
        "ne": [
            -112.46999177202844,
            49.65312332103918
        ],
        "se": [
            -112.46999177202844,
            41.420894811177476
        ],
        "sw": [
            -125.23586455851441,
            41.420894811177476
        ]
    }
}