{
    "original_sweep_number": 11,
    "elevation_index": 10,
    "elevation_angle_degrees": 1.6973876953125,
    "azimuth_angle_degrees": 86.54754638671875,
    "bounding_box_lon_lat": {
        "nw": [
            -125.22428908796476,
            49.64677160195695
        ],
        "ne": [
            -112.48111923225234,
            49.64677160195695
        ],
        "se": [
            -112.48111923225234,
            41.42826681076625
        ],
        "sw": [
            -125.22428908796476,
            41.42826681076625
        ]
    }
}