{
    "original_sweep_number": 10,
    "elevation_index": 1,
    "elevation_angle_degrees": 0.17578125,
    "azimuth_angle_degrees": 67.17864990234375,
    "bounding_box_lon_lat": {
        "nw": [
            -125.2377441949446,
            49.654155235732375
        ],
        "ne": [
            -112.46811069695214,
            49.654155235732375
        ],
        "se": [
            -112.46811069695214,
            41.41969397898129
        ],
        "sw": [
            -125.2377441949446,
            41.41969397898129
        ]
    }
}