{
    "original_sweep_number": 2,
    "elevation_index": 2,
    "elevation_angle_degrees": 0.17578125,
    "azimuth_angle_degrees": 283.20556640625,
    "bounding_box_lon_lat": {
        "nw": [
            -125.23774457471825,
            49.65415531557179
        ],
        "ne": [
            -112.46811018755405,
            49.65415531557179
        ],
        "se": [
            -112.46811018755405,
            41.41969344966022
        ],
        "sw": [
            -125.23774457471825,
            41.41969344966022
        ]
    }
}