{
    "original_sweep_number": 21,
    "elevation_index": 21,
    "elevation_angle_degrees": 16.51519775390625,
    "azimuth_angle_degrees": 6.4984130859375,
    "bounding_box_lon_lat": {
        "nw": [
            -124.84975007985454,
            49.439737197228496
        ],
        "ne": [
            -112.85610624853472,
            49.439737197228496
        ],
        "se": [
            -112.85610624853472,
            41.66813526304206
        ],
        "sw": [
            -124.84975007985454,
            41.66813526304206
        ]
    }
}