{
    "original_sweep_number": 11,
    "elevation_index": 10,
    "elevation_angle_degrees": 1.7633056640625,
    "azimuth_angle_degrees": 273.54034423828125,
    "bounding_box_lon_lat": {
        "nw": [
            -125.22428889105262,
            49.64677201018211
        ],
        "ne": [
            -112.48156684007722,
            49.64677201018211
        ],
        "se": [
            -112.48156684007722,
            41.42828613896466
        ],
        "sw": [
            -125.22428889105262,
            41.42828613896466
        ]
    }
}