{
    "original_sweep_number": 12,
    "elevation_index": 12,
    "elevation_angle_degrees": 2.28790283203125,
    "azimuth_angle_degrees": 87.57476806640625,
    "bounding_box_lon_lat": {
        "nw": [
            -125.2176583618431,
            49.643132455182005
        ],
        "ne": [
            -112.48737851692124,
            49.643132455182005
        ],
        "se": [
            -112.48737851692124,
            41.432484667834316
        ],
        "sw": [
            -125.2176583618431,
            41.432484667834316
        ]
    }
}