{
    "original_sweep_number": 10,
    "elevation_index": 2,
    "elevation_angle_degrees": 0.17578125,
    "azimuth_angle_degrees": 330.19134521484375,
    "bounding_box_lon_lat": {
        "nw": [
            -125.23774539289305,
            49.654154685941045
        ],
        "ne": [
            -112.46811246393354,
            49.654154685941045
        ],
        "se": [
            -112.46811246393354,
            41.419694955161745
        ],
        "sw": [
            -125.23774539289305,
            41.419694955161745
        ]
    }
}