{
    "original_sweep_number": 15,
    "elevation_index": 14,
    "elevation_angle_degrees": 4.94110107421875,
    "azimuth_angle_degrees": 74.55047607421875,
    "bounding_box_lon_lat": {
        "nw": [
            -125.17971892610781,
            49.62228977561397
        ],
        "ne": [
            -112.52534762653745,
            49.62228977561397
        ],
        "se": [
            -112.52534762653745,
            41.45672360126706
        ],
        "sw": [
            -125.17971892610781,
            41.45672360126706
        ]
    }
}