{
    "original_sweep_number": 17,
    "elevation_index": 16,
    "elevation_angle_degrees": 7.8497314453125,
    "azimuth_angle_degrees": 221.50360107421875,
    "bounding_box_lon_lat": {
        "nw": [
            -125.12228736263235,
            49.59068150140224
        ],
        "ne": [
            -112.58356891757828,
            49.59068150140224
        ],
        "se": [
            -112.58356891757828,
            41.493473110707484
        ],
        "sw": [
            -125.12228736263235,
            41.493473110707484
        ]
    }
}