{
    "original_sweep_number": 16,
    "elevation_index": 15,
    "elevation_angle_degrees": 6.24298095703125,
    "azimuth_angle_degrees": 13.55987548828125,
    "bounding_box_lon_lat": {
        "nw": [
            -125.15570451781782,
            49.60908144690766
        ],
        "ne": [
            -112.55015151703203,
            49.60908144690766
        ],
        "se": [
            -112.55015151703203,
            41.4721052740762
        ],
        "sw": [
            -125.15570451781782,
            41.4721052740762
        ]
    }
}