{
    "original_sweep_number": 5,
    "elevation_index": 6,
    "elevation_angle_degrees": 0.8294677734375,
    "azimuth_angle_degrees": 237.25799560546875,
    "bounding_box_lon_lat": {
        "nw": [
            -125.23277062155398,
            49.65142594479729
        ],
        "ne": [
            -112.47308573087679,
            49.65142594479729
        ],
        "se": [
            -112.47308573087679,
            41.42287026788239
        ],
        "sw": [
            -125.23277062155398,
            41.42287026788239
        ]
    }
}