{
    "original_sweep_number": 12,
    "elevation_index": 11,
    "elevation_angle_degrees": 2.24945068359375,
    "azimuth_angle_degrees": 278.558349609375,
    "bounding_box_lon_lat": {
        "nw": [
            -125.21765848336993,
            49.643132195898545
        ],
        "ne": [
            -112.4881990501762,
            49.643132195898545
        ],
        "se": [
            -112.4881990501762,
            41.432521067808544
        ],
        "sw": [
            -125.21765848336993,
            41.432521067808544
        ]
    }
}