{
    "original_sweep_number": 10,
    "elevation_index": 1,
    "elevation_angle_degrees": 0.17578125,
    "azimuth_angle_degrees": 336.21185302734375,
    "bounding_box_lon_lat": {
        "nw": [
            -125.23774451616364,
            49.65415486176609
        ],
        "ne": [
            -112.46811090335913,
            49.65415486176609
        ],
        "se": [
            -112.46811090335913,
            41.41969398598857
        ],
        "sw": [
            -125.23774451616364,
            41.41969398598857
        ]
    }
}