{
    "original_sweep_number": 2,
    "elevation_index": 1,
    "elevation_angle_degrees": 0.17578125,
    "azimuth_angle_degrees": 346.2066650390625,
    "bounding_box_lon_lat": {
        "nw": [
            -125.23774545611577,
            49.65415384107067
        ],
        "ne": [
            -112.46811028290375,
            49.65415384107067
        ],
        "se": [
            -112.46811028290375,
            41.419694351109754
        ],
        "sw": [
            -125.23774545611577,
            41.419694351109754
        ]
    }
}