{
    "original_sweep_number": 21,
    "elevation_index": 21,
    "elevation_angle_degrees": 16.512451171875,
    "azimuth_angle_degrees": 336.49200439453125,
    "bounding_box_lon_lat": {
        "nw": [
            -124.84977753369606,
            49.439965372567464
        ],
        "ne": [
            -112.85607878268333,
            49.439965372567464
        ],
        "se": [
            -112.85607878268333,
            41.66813530764038
        ],
        "sw": [
            -124.84977753369606,
            41.66813530764038
        ]
    }
}