{
    "original_sweep_number": 7,
    "elevation_index": 8,
    "elevation_angle_degrees": 1.241455078125,
    "azimuth_angle_degrees": 87.2589111328125,
    "bounding_box_lon_lat": {
        "nw": [
            -125.22854966246368,
            49.6491099691577
        ],
        "ne": [
            -112.47693402288033,
            49.6491099691577
        ],
        "se": [
            -112.47693402288033,
            41.42554919295603
        ],
        "sw": [
            -125.22854966246368,
            41.42554919295603
        ]
    }
}