{
    "original_sweep_number": 12,
    "elevation_index": 11,
    "elevation_angle_degrees": 2.2576904296875,
    "azimuth_angle_degrees": 12.5628662109375,
    "bounding_box_lon_lat": {
        "nw": [
            -125.21765791302495,
            49.64313158672563
        ],
        "ne": [
            -112.4881968814122,
            49.64313158672563
        ],
        "se": [
            -112.4881968814122,
            41.4325207963636
        ],
        "sw": [
            -125.21765791302495,
            41.4325207963636
        ]
    }
}