{
    "original_sweep_number": 3,
    "elevation_index": 6,
    "elevation_angle_degrees": 0.4669189453125,
    "azimuth_angle_degrees": 307.24090576171875,
    "bounding_box_lon_lat": {
        "nw": [
            -125.23586450968503,
            49.65312330057604
        ],
        "ne": [
            -112.46999185736105,
            49.65312330057604
        ],
        "se": [
            -112.46999185736105,
            41.42089477530986
        ],
        "sw": [
            -125.23586450968503,
            41.42089477530986
        ]
    }
}