{
    "original_sweep_number": 17,
    "elevation_index": 17,
    "elevation_angle_degrees": 7.83050537109375,
    "azimuth_angle_degrees": 199.50897216796875,
    "bounding_box_lon_lat": {
        "nw": [
            -125.12228740213754,
            49.590681477149765
        ],
        "ne": [
            -112.58356903406245,
            49.590681477149765
        ],
        "se": [
            -112.58356903406245,
            41.493473106053074
        ],
        "sw": [
            -125.12228740213754,
            41.493473106053074
        ]
    }
}