{
    "original_sweep_number": 4,
    "elevation_index": 5,
    "elevation_angle_degrees": 0.4833984375,
    "azimuth_angle_degrees": 39.22393798828125,
    "bounding_box_lon_lat": {
        "nw": [
            -125.23553450525141,
            49.652942088190514
        ],
        "ne": [
            -112.47032181799078,
            49.652942088190514
        ],
        "se": [
            -112.47032181799078,
            41.42110567389073
        ],
        "sw": [
            -125.23553450525141,
            41.42110567389073
        ]
    }
}