{
    "original_sweep_number": 7,
    "elevation_index": 8,
    "elevation_angle_degrees": 1.26068115234375,
    "azimuth_angle_degrees": 129.2431640625,
    "bounding_box_lon_lat": {
        "nw": [
            -125.22895328840367,
            49.649331482233926
        ],
        "ne": [
            -112.47690306218658,
            49.649331482233926
        ],
        "se": [
            -112.47690306218658,
            41.42530766843839
        ],
        "sw": [
            -125.22895328840367,
            41.42530766843839
        ]
    }
}