{
    "original_sweep_number": 9,
    "elevation_index": 4,
    "elevation_angle_degrees": 0.35980224609375,
    "azimuth_angle_degrees": 237.23602294921875,
    "bounding_box_lon_lat": {
        "nw": [
            -125.23774641195388,
            49.65415566448861
        ],
        "ne": [
            -112.468109829132,
            49.65415566448861
        ],
        "se": [
            -112.468109829132,
            41.41969322351645
        ],
        "sw": [
            -125.23774641195388,
            41.41969322351645
        ]
    }
}