{
    "original_sweep_number": 8,
    "elevation_index": 10,
    "elevation_angle_degrees": 1.2744140625,
    "azimuth_angle_degrees": 18.204345703125,
    "bounding_box_lon_lat": {
        "nw": [
            -125.22895177098077,
            49.64933098706464
        ],
        "ne": [
            -112.47690342916718,
            49.64933098706464
        ],
        "se": [
            -112.47690342916718,
            41.425307823060116
        ],
        "sw": [
            -125.22895177098077,
            41.425307823060116
        ]
    }
}