{
    "original_sweep_number": 1,
    "elevation_index": 2,
    "elevation_angle_degrees": 0.28839111328125,
    "azimuth_angle_degrees": 261.2603759765625,
    "bounding_box_lon_lat": {
        "nw": [
            -125.23763324677428,
            49.654161685026466
        ],
        "ne": [
            -112.46810982547234,
            49.654161685026466
        ],
        "se": [
            -112.46810982547234,
            41.41969322351645
        ],
        "sw": [
            -125.23763324677428,
            41.41969322351645
        ]
    }
}