{
    "original_sweep_number": 17,
    "elevation_index": 16,
    "elevation_angle_degrees": 7.811279296875,
    "azimuth_angle_degrees": 337.50823974609375,
    "bounding_box_lon_lat": {
        "nw": [
            -125.12229919193865,
            49.59077493460907
        ],
        "ne": [
            -112.58355710978773,
            49.59077493460907
        ],
        "se": [
            -112.58355710978773,
            41.493473110938794
        ],
        "sw": [
            -125.12229919193865,
            41.493473110938794
        ]
    }
}