{
    "original_sweep_number": 4,
    "elevation_index": 5,
    "elevation_angle_degrees": 0.439453125,
    "azimuth_angle_degrees": 116.158447265625,
    "bounding_box_lon_lat": {
        "nw": [
            -125.23586253250879,
            49.6531231281362
        ],
        "ne": [
            -112.46999211158372,
            49.6531231281362
        ],
        "se": [
            -112.46999211158372,
            41.420895354629614
        ],
        "sw": [
            -125.23586253250879,
            41.420895354629614
        ]
    }
}