{
    "original_sweep_number": 1,
    "elevation_index": 2,
    "elevation_angle_degrees": 0.18402099609375,
    "azimuth_angle_degrees": 329.25201416015625,
    "bounding_box_lon_lat": {
        "nw": [
            -125.23774650522512,
            49.65415569548329
        ],
        "ne": [
            -112.4681099348616,
            49.65415569548329
        ],
        "se": [
            -112.4681099348616,
            41.4196932149144
        ],
        "sw": [
            -125.23774650522512,
            41.4196932149144
        ]
    }
}