{
    "original_sweep_number": 14,
    "elevation_index": 13,
    "elevation_angle_degrees": 3.82598876953125,
    "azimuth_angle_degrees": 24.5709228515625,
    "bounding_box_lon_lat": {
        "nw": [
            -125.19704155741158,
            49.63180988600053
        ],
        "ne": [
            -112.50881565839967,
            49.63180988600053
        ],
        "se": [
            -112.50881565839967,
            41.44568927880545
        ],
        "sw": [
            -125.19704155741158,
            41.44568927880545
        ]
    }
}