{
    "original_sweep_number": 6,
    "elevation_index": 6,
    "elevation_angle_degrees": 0.8349609375,
    "azimuth_angle_degrees": 281.2225341796875,
    "bounding_box_lon_lat": {
        "nw": [
            -125.23276773643745,
            49.651425233883195
        ],
        "ne": [
            -112.47308647063275,
            49.651425233883195
        ],
        "se": [
            -112.47308647063275,
            41.42287139041163
        ],
        "sw": [
            -125.23276773643745,
            41.42287139041163
        ]
    }
}