{
    "original_sweep_number": 11,
    "elevation_index": 9,
    "elevation_angle_degrees": 1.8072509765625,
    "azimuth_angle_degrees": 252.5482177734375,
    "bounding_box_lon_lat": {
        "nw": [
            -125.22439170983867,
            49.64677164354724
        ],
        "ne": [
            -112.48156802233133,
            49.64677164354724
        ],
        "se": [
            -112.48156802233133,
            41.428282305411905
        ],
        "sw": [
            -125.22439170983867,
            41.428282305411905
        ]
    }
}