{
    "original_sweep_number": 11,
    "elevation_index": 10,
    "elevation_angle_degrees": 1.76055908203125,
    "azimuth_angle_degrees": 268.5552978515625,
    "bounding_box_lon_lat": {
        "nw": [
            -125.22430182952304,
            49.64677176082891
        ],
        "ne": [
            -112.48156709559831,
            49.64677176082891
        ],
        "se": [
            -112.48156709559831,
            41.42828594021081
        ],
        "sw": [
            -125.22430182952304,
            41.42828594021081
        ]
    }
}