{
    "original_sweep_number": 3,
    "elevation_index": 4,
    "elevation_angle_degrees": 0.3900146484375,
    "azimuth_angle_degrees": 348.233642578125,
    "bounding_box_lon_lat": {
        "nw": [
            -125.23555554354733,
            49.65309629942783
        ],
        "ne": [
            -112.47030084539756,
            49.65309629942783
        ],
        "se": [
            -112.47030084539756,
            41.42110469787708
        ],
        "sw": [
            -125.23555554354733,
            41.42110469787708
        ]
    }
}