{
    "original_sweep_number": 7,
    "elevation_index": 8,
    "elevation_angle_degrees": 1.285400390625,
    "azimuth_angle_degrees": 341.26007080078125,
    "bounding_box_lon_lat": {
        "nw": [
            -125.22894659620405,
            49.64927886117134
        ],
        "ne": [
            -112.47690990753523,
            49.64927886117134
        ],
        "se": [
            -112.47690990753523,
            41.42530771071803
        ],
        "sw": [
            -125.22894659620405,
            41.42530771071803
        ]
    }
}