{
    "original_sweep_number": 6,
    "elevation_index": 7,
    "elevation_angle_degrees": 0.8349609375,
    "azimuth_angle_degrees": 250.213623046875,
    "bounding_box_lon_lat": {
        "nw": [
            -125.2327685074777,
            49.65142505991994
        ],
        "ne": [
            -112.47308687990567,
            49.65142505991994
        ],
        "se": [
            -112.47308687990567,
            41.422871265606794
        ],
        "sw": [
            -125.2327685074777,
            41.422871265606794
        ]
    }
}