{
    "original_sweep_number": 16,
    "elevation_index": 15,
    "elevation_angle_degrees": 6.30615234375,
    "azimuth_angle_degrees": 155.55267333984375,
    "bounding_box_lon_lat": {
        "nw": [
            -125.1557027214385,
            49.609081917048975
        ],
        "ne": [
            -112.55015305566076,
            49.609081917048975
        ],
        "se": [
            -112.55015305566076,
            41.47188093025861
        ],
        "sw": [
            -125.1557027214385,
            41.47188093025861
        ]
    }
}