{
    "original_sweep_number": 15,
    "elevation_index": 14,
    "elevation_angle_degrees": 4.9273681640625,
    "azimuth_angle_degrees": 189.54437255859375,
    "bounding_box_lon_lat": {
        "nw": [
            -125.17971871217075,
            49.62229029934043
        ],
        "ne": [
            -112.52613820450762,
            49.62229029934043
        ],
        "se": [
            -112.52613820450762,
            41.4567577278573
        ],
        "sw": [
            -125.17971871217075,
            41.4567577278573
        ]
    }
}