{
    "original_sweep_number": 14,
    "elevation_index": 13,
    "elevation_angle_degrees": 3.8397216796875,
    "azimuth_angle_degrees": 51.54510498046875,
    "bounding_box_lon_lat": {
        "nw": [
            -125.19704216417988,
            49.63181046945385
        ],
        "ne": [
            -112.50831316786665,
            49.63181046945385
        ],
        "se": [
            -112.50831316786665,
            41.445667433712465
        ],
        "sw": [
            -125.19704216417988,
            41.445667433712465
        ]
    }
}