{
    "original_sweep_number": 7,
    "elevation_index": 8,
    "elevation_angle_degrees": 1.27166748046875,
    "azimuth_angle_degrees": 40.25115966796875,
    "bounding_box_lon_lat": {
        "nw": [
            -125.22895331088887,
            49.64933147134541
        ],
        "ne": [
            -112.47690303605499,
            49.64933147134541
        ],
        "se": [
            -112.47690303605499,
            41.42530763904113
        ],
        "sw": [
            -125.22895331088887,
            41.42530763904113
        ]
    }
}