{
    "original_sweep_number": 17,
    "elevation_index": 16,
    "elevation_angle_degrees": 7.833251953125,
    "azimuth_angle_degrees": 216.49932861328125,
    "bounding_box_lon_lat": {
        "nw": [
            -125.12211469086603,
            49.59069046882014
        ],
        "ne": [
            -112.5835689341261,
            49.59069046882014
        ],
        "se": [
            -112.5835689341261,
            41.493473148559595
        ],
        "sw": [
            -125.12211469086603,
            41.493473148559595
        ]
    }
}