{
    "original_sweep_number": 7,
    "elevation_index": 8,
    "elevation_angle_degrees": 1.175537109375,
    "azimuth_angle_degrees": 195.24078369140625,
    "bounding_box_lon_lat": {
        "nw": [
            -125.22895328612277,
            49.6493314630834
        ],
        "ne": [
            -112.47690294778236,
            49.6493314630834
        ],
        "se": [
            -112.47690294778236,
            41.42530766454609
        ],
        "sw": [
            -125.22895328612277,
            41.42530766454609
        ]
    }
}