{
    "original_sweep_number": 8,
    "elevation_index": 9,
    "elevation_angle_degrees": 1.2744140625,
    "azimuth_angle_degrees": 281.22528076171875,
    "bounding_box_lon_lat": {
        "nw": [
            -125.22895128963061,
            49.649330784358675
        ],
        "ne": [
            -112.47690345836256,
            49.649330784358675
        ],
        "se": [
            -112.47690345836256,
            41.42530845180906
        ],
        "sw": [
            -125.22895128963061,
            41.42530845180906
        ]
    }
}