{
    "original_sweep_number": 15,
    "elevation_index": 14,
    "elevation_angle_degrees": 4.954833984375,
    "azimuth_angle_degrees": 183.55682373046875,
    "bounding_box_lon_lat": {
        "nw": [
            -125.17971868298291,
            49.622290039667206
        ],
        "ne": [
            -112.52613736525227,
            49.622290039667206
        ],
        "se": [
            -112.52613736525227,
            41.456757715947475
        ],
        "sw": [
            -125.17971868298291,
            41.456757715947475
        ]
    }
}