{
    "original_sweep_number": 15,
    "elevation_index": 14,
    "elevation_angle_degrees": 4.94110107421875,
    "azimuth_angle_degrees": 291.544189453125,
    "bounding_box_lon_lat": {
        "nw": [
            -125.17971773923543,
            49.62228986440957
        ],
        "ne": [
            -112.52613908878934,
            49.62228986440957
        ],
        "se": [
            -112.52613908878934,
            41.456758344679685
        ],
        "sw": [
            -125.17971773923543,
            41.456758344679685
        ]
    }
}