{
    "original_sweep_number": 5,
    "elevation_index": 7,
    "elevation_angle_degrees": 0.8953857421875,
    "azimuth_angle_degrees": 98.24249267578125,
    "bounding_box_lon_lat": {
        "nw": [
            -125.23277062079276,
            49.6514259377343
        ],
        "ne": [
            -112.47308570974658,
            49.6514259377343
        ],
        "se": [
            -112.47308570974658,
            41.422870235954576
        ],
        "sw": [
            -125.23277062079276,
            41.422870235954576
        ]
    }
}