{
    "original_sweep_number": 11,
    "elevation_index": 10,
    "elevation_angle_degrees": 1.724853515625,
    "azimuth_angle_degrees": 355.550537109375,
    "bounding_box_lon_lat": {
        "nw": [
            -125.22434798564483,
            49.64723419484423
        ],
        "ne": [
            -112.48150806795604,
            49.64723419484423
        ],
        "se": [
            -112.48150806795604,
            41.42828698885608
        ],
        "sw": [
            -125.22434798564483,
            41.42828698885608
        ]
    }
}