{
    "original_sweep_number": 13,
    "elevation_index": 12,
    "elevation_angle_degrees": 2.955322265625,
    "azimuth_angle_degrees": 300.5584716796875,
    "bounding_box_lon_lat": {
        "nw": [
            -125.20912990276614,
            49.638449352044276
        ],
        "ne": [
            -112.49672604423499,
            49.638449352044276
        ],
        "se": [
            -112.49672604423499,
            41.43796809258134
        ],
        "sw": [
            -125.20912990276614,
            41.43796809258134
        ]
    }
}