{
    "original_sweep_number": 13,
    "elevation_index": 13,
    "elevation_angle_degrees": 2.93609619140625,
    "azimuth_angle_degrees": 93.548583984375,
    "bounding_box_lon_lat": {
        "nw": [
            -125.20912951273219,
            49.63844842351387
        ],
        "ne": [
            -112.49672681050998,
            49.63844842351387
        ],
        "se": [
            -112.49672681050998,
            41.437968318608974
        ],
        "sw": [
            -125.20912951273219,
            41.437968318608974
        ]
    }
}