{
    "original_sweep_number": 14,
    "elevation_index": 12,
    "elevation_angle_degrees": 3.8177490234375,
    "azimuth_angle_degrees": 98.5418701171875,
    "bounding_box_lon_lat": {
        "nw": [
            -125.19704169347395,
            49.63180986957887
        ],
        "ne": [
            -112.50881534636333,
            49.63180986957887
        ],
        "se": [
            -112.50881534636333,
            41.44568998815327
        ],
        "sw": [
            -125.19704169347395,
            41.44568998815327
        ]
    }
}