{
    "original_sweep_number": 1,
    "elevation_index": 3,
    "elevation_angle_degrees": 0.39825439453125,
    "azimuth_angle_degrees": 112.236328125,
    "bounding_box_lon_lat": {
        "nw": [
            -125.23774647540404,
            49.65415568698604
        ],
        "ne": [
            -112.46810986426941,
            49.65415568698604
        ],
        "se": [
            -112.46810986426941,
            41.41969324813922
        ],
        "sw": [
            -125.23774647540404,
            41.41969324813922
        ]
    }
}