{
    "original_sweep_number": 15,
    "elevation_index": 14,
    "elevation_angle_degrees": 4.9493408203125,
    "azimuth_angle_degrees": 45.5548095703125,
    "bounding_box_lon_lat": {
        "nw": [
            -125.17971967521129,
            49.62228987559903
        ],
        "ne": [
            -112.52613766121466,
            49.62228987559903
        ],
        "se": [
            -112.52613766121466,
            41.45675742699588
        ],
        "sw": [
            -125.17971967521129,
            41.45675742699588
        ]
    }
}