{
    "original_sweep_number": 4,
    "elevation_index": 5,
    "elevation_angle_degrees": 0.439453125,
    "azimuth_angle_degrees": 299.20989990234375,
    "bounding_box_lon_lat": {
        "nw": [
            -125.23586334463832,
            49.65312281393301
        ],
        "ne": [
            -112.46999236534921,
            49.65312281393301
        ],
        "se": [
            -112.46999236534921,
            41.420896003021674
        ],
        "sw": [
            -125.23586334463832,
            41.420896003021674
        ]
    }
}