{
    "original_sweep_number": 14,
    "elevation_index": 13,
    "elevation_angle_degrees": 3.8507080078125,
    "azimuth_angle_degrees": 325.5523681640625,
    "bounding_box_lon_lat": {
        "nw": [
            -125.1969751672258,
            49.631290611213004
        ],
        "ne": [
            -112.50888234609616,
            49.631290611213004
        ],
        "se": [
            -112.50888234609616,
            41.445689194081446
        ],
        "sw": [
            -125.1969751672258,
            41.445689194081446
        ]
    }
}