{
    "original_sweep_number": 18,
    "elevation_index": 17,
    "elevation_angle_degrees": 9.8822021484375,
    "azimuth_angle_degrees": 263.507080078125,
    "bounding_box_lon_lat": {
        "nw": [
            -125.07550053287619,
            49.56314890474686
        ],
        "ne": [
            -112.63349247465602,
            49.56314890474686
        ],
        "se": [
            -112.63349247465602,
            41.52528041825742
        ],
        "sw": [
            -125.07550053287619,
            41.52528041825742
        ]
    }
}