{
    "original_sweep_number": 1,
    "elevation_index": 2,
    "elevation_angle_degrees": 0.28839111328125,
    "azimuth_angle_degrees": 128.2489013671875,
    "bounding_box_lon_lat": {
        "nw": [
            -125.23774650385275,
            49.65415567866035
        ],
        "ne": [
            -112.46810981938944,
            49.65415567866035
        ],
        "se": [
            -112.46810981938944,
            41.41969320899759
        ],
        "sw": [
            -125.23774650385275,
            41.41969320899759
        ]
    }
}