{
    "original_sweep_number": 9,
    "elevation_index": 1,
    "elevation_angle_degrees": 0.0714111328125,
    "azimuth_angle_degrees": 314.2584228515625,
    "bounding_box_lon_lat": {
        "nw": [
            -125.23774648818392,
            49.654155685439314
        ],
        "ne": [
            -112.46810982592979,
            49.654155685439314
        ],
        "se": [
            -112.46810982592979,
            41.41969321523291
        ],
        "sw": [
            -125.23774648818392,
            41.41969321523291
        ]
    }
}