{
    "original_sweep_number": 6,
    "elevation_index": 6,
    "elevation_angle_degrees": 0.8349609375,
    "azimuth_angle_degrees": 343.24310302734375,
    "bounding_box_lon_lat": {
        "nw": [
            -125.23276882440707,
            49.651424825565066
        ],
        "ne": [
            -112.47308644804625,
            49.651424825565066
        ],
        "se": [
            -112.47308644804625,
            41.422871618059126
        ],
        "sw": [
            -125.23276882440707,
            41.422871618059126
        ]
    }
}