{
    "original_sweep_number": 13,
    "elevation_index": 12,
    "elevation_angle_degrees": 2.96630859375,
    "azimuth_angle_degrees": 122.56072998046875,
    "bounding_box_lon_lat": {
        "nw": [
            -125.20912953974273,
            49.63844974672219
        ],
        "ne": [
            -112.49672707431378,
            49.63844974672219
        ],
        "se": [
            -112.49672707431378,
            41.43796775902623
        ],
        "sw": [
            -125.20912953974273,
            41.43796775902623
        ]
    }
}