{
    "original_sweep_number": 22,
    "elevation_index": 21,
    "elevation_angle_degrees": 19.34967041015625,
    "azimuth_angle_degrees": 64.50347900390625,
    "bounding_box_lon_lat": {
        "nw": [
            -124.73182029696206,
            49.373933326008284
        ],
        "ne": [
            -112.97324208026646,
            49.373933326008284
        ],
        "se": [
            -112.97324208026646,
            41.74390202089205
        ],
        "sw": [
            -124.73182029696206,
            41.74390202089205
        ]
    }
}