{
    "original_sweep_number": 12,
    "elevation_index": 11,
    "elevation_angle_degrees": 2.27142333984375,
    "azimuth_angle_degrees": 67.56866455078125,
    "bounding_box_lon_lat": {
        "nw": [
            -125.21765868216417,
            49.64313248198808
        ],
        "ne": [
            -112.48819846918073,
            49.64313248198808
        ],
        "se": [
            -112.48819846918073,
            41.432520409598766
        ],
        "sw": [
            -125.21765868216417,
            41.432520409598766
        ]
    }
}