{
    "original_sweep_number": 11,
    "elevation_index": 10,
    "elevation_angle_degrees": 1.72760009765625,
    "azimuth_angle_degrees": 68.55743408203125,
    "bounding_box_lon_lat": {
        "nw": [
            -125.2242878689732,
            49.64677175068618
        ],
        "ne": [
            -112.48143823687612,
            49.64677175068618
        ],
        "se": [
            -112.48143823687612,
            41.428280537263085
        ],
        "sw": [
            -125.2242878689732,
            41.428280537263085
        ]
    }
}