{
    "original_sweep_number": 9,
    "elevation_index": 3,
    "elevation_angle_degrees": 0.2801513671875,
    "azimuth_angle_degrees": 324.25048828125,
    "bounding_box_lon_lat": {
        "nw": [
            -125.23774650202706,
            49.65415567875703
        ],
        "ne": [
            -112.46810982121514,
            49.65415567875703
        ],
        "se": [
            -112.46810982121514,
            41.41969321499403
        ],
        "sw": [
            -125.23774650202706,
            41.41969321499403
        ]
    }
}