{
    "original_sweep_number": 13,
    "elevation_index": 12,
    "elevation_angle_degrees": 2.98004150390625,
    "azimuth_angle_degrees": 195.54290771484375,
    "bounding_box_lon_lat": {
        "nw": [
            -125.209130213891,
            49.63844979338938
        ],
        "ne": [
            -112.49672636381374,
            49.63844979338938
        ],
        "se": [
            -112.49672636381374,
            41.43796732361938
        ],
        "sw": [
            -125.209130213891,
            41.43796732361938
        ]
    }
}