{
    "original_sweep_number": 17,
    "elevation_index": 16,
    "elevation_angle_degrees": 7.8277587890625,
    "azimuth_angle_degrees": 29.4873046875,
    "bounding_box_lon_lat": {
        "nw": [
            -125.12228737876919,
            49.59070551713657
        ],
        "ne": [
            -112.58403050229514,
            49.59070551713657
        ],
        "se": [
            -112.58403050229514,
            41.49347310837318
        ],
        "sw": [
            -125.12228737876919,
            41.49347310837318
        ]
    }
}