{
    "original_sweep_number": 4,
    "elevation_index": 4,
    "elevation_angle_degrees": 0.4833984375,
    "azimuth_angle_degrees": 302.2064208984375,
    "bounding_box_lon_lat": {
        "nw": [
            -125.23553436771003,
            49.652942503460984
        ],
        "ne": [
            -112.47032135508427,
            49.652942503460984
        ],
        "se": [
            -112.47032135508427,
            41.4211050704083
        ],
        "sw": [
            -125.23553436771003,
            41.4211050704083
        ]
    }
}