{
    "original_sweep_number": 14,
    "elevation_index": 14,
    "elevation_angle_degrees": 3.80950927734375,
    "azimuth_angle_degrees": 115.55419921875,
    "bounding_box_lon_lat": {
        "nw": [
            -125.19704082267484,
            49.63180987769423
        ],
        "ne": [
            -112.50881534636333,
            49.63180987769423
        ],
        "se": [
            -112.50881534636333,
            41.445797152258756
        ],
        "sw": [
            -125.19704082267484,
            41.445797152258756
        ]
    }
}