{
    "original_sweep_number": 4,
    "elevation_index": 5,
    "elevation_angle_degrees": 0.4833984375,
    "azimuth_angle_degrees": 254.17694091796875,
    "bounding_box_lon_lat": {
        "nw": [
            -125.23553266757666,
            49.652942884873916
        ],
        "ne": [
            -112.47032269750409,
            49.652942884873916
        ],
        "se": [
            -112.47032269750409,
            41.42110607695757
        ],
        "sw": [
            -125.23553266757666,
            41.42110607695757
        ]
    }
}