{
    "original_sweep_number": 3,
    "elevation_index": 4,
    "elevation_angle_degrees": 0.41473388671875,
    "azimuth_angle_degrees": 343.23760986328125,
    "bounding_box_lon_lat": {
        "nw": [
            -125.23553817605674,
            49.65296170327954
        ],
        "ne": [
            -112.4703181855119,
            49.65296170327954
        ],
        "se": [
            -112.4703181855119,
            41.42110471594016
        ],
        "sw": [
            -125.23553817605674,
            41.42110471594016
        ]
    }
}