{
    "original_sweep_number": 1,
    "elevation_index": 3,
    "elevation_angle_degrees": 0.36529541015625,
    "azimuth_angle_degrees": 43.2421875,
    "bounding_box_lon_lat": {
        "nw": [
            -125.23774649548257,
            49.65415567657471
        ],
        "ne": [
            -112.46810993730138,
            49.65415567657471
        ],
        "se": [
            -112.46810993730138,
            41.41969321523291
        ],
        "sw": [
            -125.23774649548257,
            41.41969321523291
        ]
    }
}