{
    "original_sweep_number": 11,
    "elevation_index": 9,
    "elevation_angle_degrees": 1.75506591796875,
    "azimuth_angle_degrees": 38.55926513671875,
    "bounding_box_lon_lat": {
        "nw": [
            -125.22428872161491,
            49.646771705630016
        ],
        "ne": [
            -112.48156760162728,
            49.646771705630016
        ],
        "se": [
            -112.48156760162728,
            41.42828594007311
        ],
        "sw": [
            -125.22428872161491,
            41.42828594007311
        ]
    }
}