{
    "original_sweep_number": 15,
    "elevation_index": 13,
    "elevation_angle_degrees": 4.9163818359375,
    "azimuth_angle_degrees": 332.5506591796875,
    "bounding_box_lon_lat": {
        "nw": [
            -125.17971821145142,
            49.62228981312655
        ],
        "ne": [
            -112.5261368905425,
            49.62228981312655
        ],
        "se": [
            -112.5261368905425,
            41.456758069508744
        ],
        "sw": [
            -125.17971821145142,
            41.456758069508744
        ]
    }
}