{
    "original_sweep_number": 15,
    "elevation_index": 14,
    "elevation_angle_degrees": 4.954833984375,
    "azimuth_angle_degrees": 164.5477294921875,
    "bounding_box_lon_lat": {
        "nw": [
            -125.17971985879072,
            49.62228879832761
        ],
        "ne": [
            -112.52613765856091,
            49.62228879832761
        ],
        "se": [
            -112.52613765856091,
            41.45689674764701
        ],
        "sw": [
            -125.17971985879072,
            41.45689674764701
        ]
    }
}