{
    "original_sweep_number": 9,
    "elevation_index": 11,
    "elevation_angle_degrees": 1.71112060546875,
    "azimuth_angle_degrees": 37.5567626953125,
    "bounding_box_lon_lat": {
        "nw": [
            -125.22428859909387,
            49.64677184025483
        ],
        "ne": [
            -112.48156859865263,
            49.64677184025483
        ],
        "se": [
            -112.48156859865263,
            41.42828642773763
        ],
        "sw": [
            -125.22428859909387,
            41.42828642773763
        ]
    }
}