{
    "original_sweep_number": 16,
    "elevation_index": 14,
    "elevation_angle_degrees": 6.295166015625,
    "azimuth_angle_degrees": 354.5562744140625,
    "bounding_box_lon_lat": {
        "nw": [
            -125.15579308326464,
            49.609770360946726
        ],
        "ne": [
            -112.55006433588346,
            49.609770360946726
        ],
        "se": [
            -112.55006433588346,
            41.47210548771954
        ],
        "sw": [
            -125.15579308326464,
            41.47210548771954
        ]
    }
}