{
    "original_sweep_number": 16,
    "elevation_index": 15,
    "elevation_angle_degrees": 6.23748779296875,
    "azimuth_angle_degrees": 169.552001953125,
    "bounding_box_lon_lat": {
        "nw": [
            -125.15570599504423,
            49.609081943959225
        ],
        "ne": [
            -112.5501507896257,
            49.609081943959225
        ],
        "se": [
            -112.5501507896257,
            41.470825349841554
        ],
        "sw": [
            -125.15570599504423,
            41.470825349841554
        ]
    }
}