{
    "original_sweep_number": 15,
    "elevation_index": 14,
    "elevation_angle_degrees": 4.9658203125,
    "azimuth_angle_degrees": 148.5516357421875,
    "bounding_box_lon_lat": {
        "nw": [
            -125.17971942147358,
            49.62228967404484
        ],
        "ne": [
            -112.52613714782751,
            49.62228967404484
        ],
        "se": [
            -112.52613714782751,
            41.45741244778974
        ],
        "sw": [
            -125.17971942147358,
            41.45741244778974
        ]
    }
}