{
    "original_sweep_number": 16,
    "elevation_index": 15,
    "elevation_angle_degrees": 6.26220703125,
    "azimuth_angle_degrees": 286.556396484375,
    "bounding_box_lon_lat": {
        "nw": [
            -125.15570499252806,
            49.60908179827035
        ],
        "ne": [
            -112.55015106395122,
            49.60908179827035
        ],
        "se": [
            -112.55015106395122,
            41.47210585409137
        ],
        "sw": [
            -125.15570499252806,
            41.47210585409137
        ]
    }
}