{
    "original_sweep_number": 6,
    "elevation_index": 6,
    "elevation_angle_degrees": 0.8349609375,
    "azimuth_angle_degrees": 176.2152099609375,
    "bounding_box_lon_lat": {
        "nw": [
            -125.23276952737541,
            49.65142566228237
        ],
        "ne": [
            -112.47308640364523,
            49.65142566228237
        ],
        "se": [
            -112.47308640364523,
            41.42287187287622
        ],
        "sw": [
            -125.23276952737541,
            41.42287187287622
        ]
    }
}