{
    "original_sweep_number": 3,
    "elevation_index": 4,
    "elevation_angle_degrees": 0.439453125,
    "azimuth_angle_degrees": 136.25518798828125,
    "bounding_box_lon_lat": {
        "nw": [
            -125.23586451288533,
            49.65312333234305
        ],
        "ne": [
            -112.46999198557248,
            49.65312333234305
        ],
        "se": [
            -112.46999198557248,
            41.42089477176074
        ],
        "sw": [
            -125.23586451288533,
            41.42089477176074
        ]
    }
}