{
    "original_sweep_number": 1,
    "elevation_index": 2,
    "elevation_angle_degrees": 0.1922607421875,
    "azimuth_angle_degrees": 333.24554443359375,
    "bounding_box_lon_lat": {
        "nw": [
            -125.23774649411017,
            49.65415566013847
        ],
        "ne": [
            -112.468109829132,
            49.65415566013847
        ],
        "se": [
            -112.468109829132,
            41.41969320576602
        ],
        "sw": [
            -125.23774649411017,
            41.41969320576602
        ]
    }
}