{
    "original_sweep_number": 10,
    "elevation_index": 2,
    "elevation_angle_degrees": 0.17578125,
    "azimuth_angle_degrees": 139.21875,
    "bounding_box_lon_lat": {
        "nw": [
            -125.23774398007747,
            49.6541556219153
        ],
        "ne": [
            -112.46811159828087,
            49.6541556219153
        ],
        "se": [
            -112.46811159828087,
            41.41969481442364
        ],
        "sw": [
            -125.23774398007747,
            41.41969481442364
        ]
    }
}