{
    "original_sweep_number": 15,
    "elevation_index": 14,
    "elevation_angle_degrees": 4.9273681640625,
    "azimuth_angle_degrees": 343.5479736328125,
    "bounding_box_lon_lat": {
        "nw": [
            -125.17968507425583,
            49.62202580345115
        ],
        "ne": [
            -112.52617060670362,
            49.62202580345115
        ],
        "se": [
            -112.52617060670362,
            41.45675769400832
        ],
        "sw": [
            -125.17968507425583,
            41.45675769400832
        ]
    }
}