{
    "original_sweep_number": 4,
    "elevation_index": 5,
    "elevation_angle_degrees": 0.4833984375,
    "azimuth_angle_degrees": 161.2188720703125,
    "bounding_box_lon_lat": {
        "nw": [
            -125.2355344225663,
            49.652942928768574
        ],
        "ne": [
            -112.47032180394719,
            49.652942928768574
        ],
        "se": [
            -112.47032180394719,
            41.42110581517542
        ],
        "sw": [
            -125.2355344225663,
            41.42110581517542
        ]
    }
}