{
    "original_sweep_number": 4,
    "elevation_index": 4,
    "elevation_angle_degrees": 0.439453125,
    "azimuth_angle_degrees": 149.1943359375,
    "bounding_box_lon_lat": {
        "nw": [
            -125.23586308415437,
            49.65312305968049
        ],
        "ne": [
            -112.46999233563228,
            49.65312305968049
        ],
        "se": [
            -112.46999233563228,
            41.420895313309316
        ],
        "sw": [
            -125.23586308415437,
            41.420895313309316
        ]
    }
}