{
    "original_sweep_number": 22,
    "elevation_index": 22,
    "elevation_angle_degrees": 19.32769775390625,
    "azimuth_angle_degrees": 44.50836181640625,
    "bounding_box_lon_lat": {
        "nw": [
            -124.73182028311749,
            49.373933323381216
        ],
        "ne": [
            -112.97278878252126,
            49.373933323381216
        ],
        "se": [
            -112.97278878252126,
            41.743883494005985
        ],
        "sw": [
            -124.73182028311749,
            41.743883494005985
        ]
    }
}