{
    "original_sweep_number": 9,
    "elevation_index": 1,
    "elevation_angle_degrees": 0.120849609375,
    "azimuth_angle_degrees": 161.24908447265625,
    "bounding_box_lon_lat": {
        "nw": [
            -125.23774628050377,
            49.654155671448805
        ],
        "ne": [
            -112.468109829132,
            49.654155671448805
        ],
        "se": [
            -112.468109829132,
            41.41969322351645
        ],
        "sw": [
            -125.23774628050377,
            41.41969322351645
        ]
    }
}