{
    "original_sweep_number": 18,
    "elevation_index": 17,
    "elevation_angle_degrees": 9.84375,
    "azimuth_angle_degrees": 215.50506591796875,
    "bounding_box_lon_lat": {
        "nw": [
            -125.07236388955566,
            49.56314893358717
        ],
        "ne": [
            -112.63349247104196,
            49.56314893358717
        ],
        "se": [
            -112.63349247104196,
            41.52541447597856
        ],
        "sw": [
            -125.07236388955566,
            41.52541447597856
        ]
    }
}