{
    "original_sweep_number": 7,
    "elevation_index": 7,
    "elevation_angle_degrees": 1.1370849609375,
    "azimuth_angle_degrees": 190.2447509765625,
    "bounding_box_lon_lat": {
        "nw": [
            -125.22895337044189,
            49.649331419506055
        ],
        "ne": [
            -112.47690295462351,
            49.649331419506055
        ],
        "se": [
            -112.47690295462351,
            41.42530767754655
        ],
        "sw": [
            -125.22895337044189,
            41.42530767754655
        ]
    }
}