{
    "original_sweep_number": 5,
    "elevation_index": 6,
    "elevation_angle_degrees": 0.74981689453125,
    "azimuth_angle_degrees": 130.25665283203125,
    "bounding_box_lon_lat": {
        "nw": [
            -125.23240672321879,
            49.65122628735893
        ],
        "ne": [
            -112.47344962738615,
            49.65122628735893
        ],
        "se": [
            -112.47344962738615,
            41.42310258099555
        ],
        "sw": [
            -125.23240672321879,
            41.42310258099555
        ]
    }
}