{
    "original_sweep_number": 1,
    "elevation_index": 3,
    "elevation_angle_degrees": 0.362548828125,
    "azimuth_angle_degrees": 348.24462890625,
    "bounding_box_lon_lat": {
        "nw": [
            -125.23776810176477,
            49.654323292477095
        ],
        "ne": [
            -112.46808819409189,
            49.654323292477095
        ],
        "se": [
            -112.46808819409189,
            41.419693280078924
        ],
        "sw": [
            -125.23776810176477,
            41.419693280078924
        ]
    }
}