{
    "original_sweep_number": 14,
    "elevation_index": 13,
    "elevation_angle_degrees": 3.834228515625,
    "azimuth_angle_degrees": 99.55535888671875,
    "bounding_box_lon_lat": {
        "nw": [
            -125.19704191813835,
            49.631809553535014
        ],
        "ne": [
            -112.50881480240594,
            49.631809553535014
        ],
        "se": [
            -112.50881480240594,
            41.44568987917419
        ],
        "sw": [
            -125.19704191813835,
            41.44568987917419
        ]
    }
}