{
    "original_sweep_number": 13,
    "elevation_index": 12,
    "elevation_angle_degrees": 2.955322265625,
    "azimuth_angle_degrees": 146.546630859375,
    "bounding_box_lon_lat": {
        "nw": [
            -125.20913015722867,
            49.63844934524042
        ],
        "ne": [
            -112.49672629142718,
            49.63844934524042
        ],
        "se": [
            -112.49672629142718,
            41.43783071258279
        ],
        "sw": [
            -125.20913015722867,
            41.43783071258279
        ]
    }
}