{
    "original_sweep_number": 6,
    "elevation_index": 8,
    "elevation_angle_degrees": 0.8349609375,
    "azimuth_angle_degrees": 348.1951904296875,
    "bounding_box_lon_lat": {
        "nw": [
            -125.2327692045655,
            49.65142533812066
        ],
        "ne": [
            -112.4730862557893,
            49.65142533812066
        ],
        "se": [
            -112.4730862557893,
            41.42287124016081
        ],
        "sw": [
            -125.2327692045655,
            41.42287124016081
        ]
    }
}