{
    "original_sweep_number": 14,
    "elevation_index": 12,
    "elevation_angle_degrees": 3.84246826171875,
    "azimuth_angle_degrees": 311.561279296875,
    "bounding_box_lon_lat": {
        "nw": [
            -125.1970064172529,
            49.63153348231594
        ],
        "ne": [
            -112.50885075501374,
            49.63153348231594
        ],
        "se": [
            -112.50885075501374,
            41.44568969653986
        ],
        "sw": [
            -125.1970064172529,
            41.44568969653986
        ]
    }
}