{
    "original_sweep_number": 8,
    "elevation_index": 9,
    "elevation_angle_degrees": 1.2744140625,
    "azimuth_angle_degrees": 145.23651123046875,
    "bounding_box_lon_lat": {
        "nw": [
            -125.22895083265809,
            49.649331226816145
        ],
        "ne": [
            -112.47690486157843,
            49.649331226816145
        ],
        "se": [
            -112.47690486157843,
            41.425308710284106
        ],
        "sw": [
            -125.22895083265809,
            41.425308710284106
        ]
    }
}