{
    "original_sweep_number": 20,
    "elevation_index": 20,
    "elevation_angle_degrees": 13.83453369140625,
    "azimuth_angle_degrees": 299.49005126953125,
    "bounding_box_lon_lat": {
        "nw": [
            -124.9502414476784,
            49.49557719927555
        ],
        "ne": [
            -112.75561484765657,
            49.49557719927555
        ],
        "se": [
            -112.75561484765657,
            41.60364993911208
        ],
        "sw": [
            -124.9502414476784,
            41.60364993911208
        ]
    }
}