{
    "original_sweep_number": 19,
    "elevation_index": 18,
    "elevation_angle_degrees": 11.8377685546875,
    "azimuth_angle_degrees": 105.49072265625,
    "bounding_box_lon_lat": {
        "nw": [
            -125.01580607035109,
            49.53189399627681
        ],
        "ne": [
            -112.6900502546539,
            49.53189399627681
        ],
        "se": [
            -112.6900502546539,
            41.56162944381359
        ],
        "sw": [
            -125.01580607035109,
            41.56162944381359
        ]
    }
}