{
    "original_sweep_number": 12,
    "elevation_index": 11,
    "elevation_angle_degrees": 2.22747802734375,
    "azimuth_angle_degrees": 102.56561279296875,
    "bounding_box_lon_lat": {
        "nw": [
            -125.2176576085829,
            49.64313195514899
        ],
        "ne": [
            -112.48819836521814,
            49.64313195514899
        ],
        "se": [
            -112.48819836521814,
            41.43252108942642
        ],
        "sw": [
            -125.2176576085829,
            41.43252108942642
        ]
    }
}