{
    "original_sweep_number": 15,
    "elevation_index": 14,
    "elevation_angle_degrees": 4.98504638671875,
    "azimuth_angle_degrees": 237.54638671875,
    "bounding_box_lon_lat": {
        "nw": [
            -125.17971960194143,
            49.62229016624936
        ],
        "ne": [
            -112.52613708496138,
            49.62229016624936
        ],
        "se": [
            -112.52613708496138,
            41.456757688915296
        ],
        "sw": [
            -125.17971960194143,
            41.456757688915296
        ]
    }
}