{
    "original_sweep_number": 13,
    "elevation_index": 12,
    "elevation_angle_degrees": 2.9443359375,
    "azimuth_angle_degrees": 139.54559326171875,
    "bounding_box_lon_lat": {
        "nw": [
            -125.20912937379043,
            49.638449572537986
        ],
        "ne": [
            -112.49672709667651,
            49.638449572537986
        ],
        "se": [
            -112.49672709667651,
            41.437968330932804
        ],
        "sw": [
            -125.20912937379043,
            41.437968330932804
        ]
    }
}