{
    "original_sweep_number": 20,
    "elevation_index": 20,
    "elevation_angle_degrees": 13.80157470703125,
    "azimuth_angle_degrees": 329.501953125,
    "bounding_box_lon_lat": {
        "nw": [
            -124.95035267099674,
            49.496484166612
        ],
        "ne": [
            -112.75550365398968,
            49.496484166612
        ],
        "se": [
            -112.75550365398968,
            41.60364992937912
        ],
        "sw": [
            -124.95035267099674,
            41.60364992937912
        ]
    }
}