{
    "original_sweep_number": 7,
    "elevation_index": 8,
    "elevation_angle_degrees": 1.17828369140625,
    "azimuth_angle_degrees": 278.25347900390625,
    "bounding_box_lon_lat": {
        "nw": [
            -125.22895336133188,
            49.64933147953442
        ],
        "ne": [
            -112.47690301113684,
            49.64933147953442
        ],
        "se": [
            -112.47690301113684,
            41.42530765462427
        ],
        "sw": [
            -125.22895336133188,
            41.42530765462427
        ]
    }
}