{
    "original_sweep_number": 4,
    "elevation_index": 5,
    "elevation_angle_degrees": 0.439453125,
    "azimuth_angle_degrees": 166.18743896484375,
    "bounding_box_lon_lat": {
        "nw": [
            -125.23586323753472,
            49.65312271016548
        ],
        "ne": [
            -112.4699924432502,
            49.65312271016548
        ],
        "se": [
            -112.4699924432502,
            41.420898774120566
        ],
        "sw": [
            -125.23586323753472,
            41.420898774120566
        ]
    }
}