{
    "original_sweep_number": 5,
    "elevation_index": 5,
    "elevation_angle_degrees": 0.69488525390625,
    "azimuth_angle_degrees": 161.25732421875,
    "bounding_box_lon_lat": {
        "nw": [
            -125.23277061470299,
            49.651425890496704
        ],
        "ne": [
            -112.47308571583635,
            49.651425890496704
        ],
        "se": [
            -112.47308571583635,
            41.42288367937468
        ],
        "sw": [
            -125.23277061470299,
            41.42288367937468
        ]
    }
}