{
    "original_sweep_number": 3,
    "elevation_index": 5,
    "elevation_angle_degrees": 0.48065185546875,
    "azimuth_angle_degrees": 209.24285888671875,
    "bounding_box_lon_lat": {
        "nw": [
            -125.23586455729883,
            49.65312332692441
        ],
        "ne": [
            -112.46999179332082,
            49.65312332692441
        ],
        "se": [
            -112.46999179332082,
            41.42089477931497
        ],
        "sw": [
            -125.23586455729883,
            41.42089477931497
        ]
    }
}