{
    "original_sweep_number": 4,
    "elevation_index": 5,
    "elevation_angle_degrees": 0.439453125,
    "azimuth_angle_degrees": 308.2269287109375,
    "bounding_box_lon_lat": {
        "nw": [
            -125.235863330618,
            49.65312270523816
        ],
        "ne": [
            -112.46999281740857,
            49.65312270523816
        ],
        "se": [
            -112.46999281740857,
            41.42089549212058
        ],
        "sw": [
            -125.235863330618,
            41.42089549212058
        ]
    }
}