{
    "original_sweep_number": 5,
    "elevation_index": 7,
    "elevation_angle_degrees": 0.79925537109375,
    "azimuth_angle_degrees": 319.24346923828125,
    "bounding_box_lon_lat": {
        "nw": [
            -125.23277055405273,
            49.65142593255647
        ],
        "ne": [
            -112.4730857491223,
            49.65142593255647
        ],
        "se": [
            -112.4730857491223,
            41.42287025686272
        ],
        "sw": [
            -125.23277055405273,
            41.42287025686272
        ]
    }
}