{
    "original_sweep_number": 14,
    "elevation_index": 13,
    "elevation_angle_degrees": 3.83697509765625,
    "azimuth_angle_degrees": 151.55364990234375,
    "bounding_box_lon_lat": {
        "nw": [
            -125.19704159127764,
            49.63181012599879
        ],
        "ne": [
            -112.50881516192163,
            49.63181012599879
        ],
        "se": [
            -112.50881516192163,
            41.44568970819245
        ],
        "sw": [
            -125.19704159127764,
            41.44568970819245
        ]
    }
}