{
    "original_sweep_number": 9,
    "elevation_index": 11,
    "elevation_angle_degrees": 1.71661376953125,
    "azimuth_angle_degrees": 22.5604248046875,
    "bounding_box_lon_lat": {
        "nw": [
            -125.22428722767006,
            49.64677178457457
        ],
        "ne": [
            -112.48156760162728,
            49.64677178457457
        ],
        "se": [
            -112.48156760162728,
            41.42828660146778
        ],
        "sw": [
            -125.22428722767006,
            41.42828660146778
        ]
    }
}