{
    "original_sweep_number": 6,
    "elevation_index": 7,
    "elevation_angle_degrees": 0.8349609375,
    "azimuth_angle_degrees": 108.20159912109375,
    "bounding_box_lon_lat": {
        "nw": [
            -125.23276911823623,
            49.65142545207591
        ],
        "ne": [
            -112.4730859225327,
            49.65142545207591
        ],
        "se": [
            -112.4730859225327,
            41.42287097082258
        ],
        "sw": [
            -125.23276911823623,
            41.42287097082258
        ]
    }
}