{
    "original_sweep_number": 17,
    "elevation_index": 16,
    "elevation_angle_degrees": 7.84698486328125,
    "azimuth_angle_degrees": 231.48468017578125,
    "bounding_box_lon_lat": {
        "nw": [
            -125.12228740745688,
            49.590681499163054
        ],
        "ne": [
            -112.58356891757828,
            49.590681499163054
        ],
        "se": [
            -112.58356891757828,
            41.49347311063039
        ],
        "sw": [
            -125.12228740745688,
            41.49347311063039
        ]
    }
}