{
    "original_sweep_number": 12,
    "elevation_index": 10,
    "elevation_angle_degrees": 2.2357177734375,
    "azimuth_angle_degrees": 56.568603515625,
    "bounding_box_lon_lat": {
        "nw": [
            -125.21765853670216,
            49.64313254679249
        ],
        "ne": [
            -112.4875931435457,
            49.64313254679249
        ],
        "se": [
            -112.4875931435457,
            41.4324935415376
        ],
        "sw": [
            -125.21765853670216,
            41.4324935415376
        ]
    }
}