{
    "original_sweep_number": 13,
    "elevation_index": 12,
    "elevation_angle_degrees": 2.9278564453125,
    "azimuth_angle_degrees": 29.55047607421875,
    "bounding_box_lon_lat": {
        "nw": [
            -125.20913035621903,
            49.63844996044605
        ],
        "ne": [
            -112.49672647594825,
            49.63844996044605
        ],
        "se": [
            -112.49672647594825,
            41.43796747388451
        ],
        "sw": [
            -125.20913035621903,
            41.43796747388451
        ]
    }
}