{
    "original_sweep_number": 8,
    "elevation_index": 9,
    "elevation_angle_degrees": 1.2744140625,
    "azimuth_angle_degrees": 2.22747802734375,
    "bounding_box_lon_lat": {
        "nw": [
            -125.2289516261572,
            49.649330703581604
        ],
        "ne": [
            -112.47690371437756,
            49.649330703581604
        ],
        "se": [
            -112.47690371437756,
            41.425308525250706
        ],
        "sw": [
            -125.2289516261572,
            41.425308525250706
        ]
    }
}