{
    "original_sweep_number": 8,
    "elevation_index": 9,
    "elevation_angle_degrees": 1.2744140625,
    "azimuth_angle_degrees": 212.23114013671875,
    "bounding_box_lon_lat": {
        "nw": [
            -125.2289503050564,
            49.64933042288338
        ],
        "ne": [
            -112.4769045304507,
            49.64933042288338
        ],
        "se": [
            -112.4769045304507,
            41.42530968398119
        ],
        "sw": [
            -125.2289503050564,
            41.42530968398119
        ]
    }
}