{
    "original_sweep_number": 4,
    "elevation_index": 5,
    "elevation_angle_degrees": 0.439453125,
    "azimuth_angle_degrees": 320.19378662109375,
    "bounding_box_lon_lat": {
        "nw": [
            -125.23586211309642,
            49.653122825595155
        ],
        "ne": [
            -112.4699923119766,
            49.653122825595155
        ],
        "se": [
            -112.4699923119766,
            41.420895130860856
        ],
        "sw": [
            -125.23586211309642,
            41.420895130860856
        ]
    }
}