{
    "original_sweep_number": 18,
    "elevation_index": 17,
    "elevation_angle_degrees": 9.8492431640625,
    "azimuth_angle_degrees": 247.5,
    "bounding_box_lon_lat": {
        "nw": [
            -125.07310828693309,
            49.56314890245038
        ],
        "ne": [
            -112.63349243018527,
            49.56314890245038
        ],
        "se": [
            -112.63349243018527,
            41.52538266384682
        ],
        "sw": [
            -125.07310828693309,
            41.52538266384682
        ]
    }
}