{
    "original_sweep_number": 2,
    "elevation_index": 1,
    "elevation_angle_degrees": 0.17578125,
    "azimuth_angle_degrees": 318.21075439453125,
    "bounding_box_lon_lat": {
        "nw": [
            -125.23774528350015,
            49.65415514543091
        ],
        "ne": [
            -112.46811143409231,
            49.65415514543091
        ],
        "se": [
            -112.46811143409231,
            41.41969393564817
        ],
        "sw": [
            -125.23774528350015,
            41.41969393564817
        ]
    }
}