{
    "original_sweep_number": 11,
    "elevation_index": 1,
    "elevation_angle_degrees": 0.17578125,
    "azimuth_angle_degrees": 327.21954345703125,
    "bounding_box_lon_lat": {
        "nw": [
            -125.2377446224908,
            49.65415478831412
        ],
        "ne": [
            -112.4681107513896,
            49.65415478831412
        ],
        "se": [
            -112.4681107513896,
            41.4196942345874
        ],
        "sw": [
            -125.2377446224908,
            41.4196942345874
        ]
    }
}