{
    "original_sweep_number": 9,
    "elevation_index": 1,
    "elevation_angle_degrees": 0.13458251953125,
    "azimuth_angle_degrees": 32.255859375,
    "bounding_box_lon_lat": {
        "nw": [
            -125.23774650278536,
            49.654155670387865
        ],
        "ne": [
            -112.46810982045685,
            49.654155670387865
        ],
        "se": [
            -112.46810982045685,
            41.41969323384819
        ],
        "sw": [
            -125.23774650278536,
            41.41969323384819
        ]
    }
}