{
    "original_sweep_number": 14,
    "elevation_index": 13,
    "elevation_angle_degrees": 3.83697509765625,
    "azimuth_angle_degrees": 215.5572509765625,
    "bounding_box_lon_lat": {
        "nw": [
            -125.19704200965195,
            49.63181024694318
        ],
        "ne": [
            -112.50881406686382,
            49.63181024694318
        ],
        "se": [
            -112.50881406686382,
            41.44568881323317
        ],
        "sw": [
            -125.19704200965195,
            41.44568881323317
        ]
    }
}