{
    "original_sweep_number": 5,
    "elevation_index": 6,
    "elevation_angle_degrees": 0.82672119140625,
    "azimuth_angle_degrees": 8.26171875,
    "bounding_box_lon_lat": {
        "nw": [
            -125.23277061972969,
            49.65142594412162
        ],
        "ne": [
            -112.47308571810677,
            49.65142594412162
        ],
        "se": [
            -112.47308571810677,
            41.42287022657401
        ],
        "sw": [
            -125.23277061972969,
            41.42287022657401
        ]
    }
}