{
    "original_sweep_number": 5,
    "elevation_index": 7,
    "elevation_angle_degrees": 0.8953857421875,
    "azimuth_angle_degrees": 330.24627685546875,
    "bounding_box_lon_lat": {
        "nw": [
            -125.23277058064258,
            49.65142585386491
        ],
        "ne": [
            -112.4730857298296,
            49.65142585386491
        ],
        "se": [
            -112.4730857298296,
            41.42287025559043
        ],
        "sw": [
            -125.23277058064258,
            41.42287025559043
        ]
    }
}