{
    "original_sweep_number": 8,
    "elevation_index": 9,
    "elevation_angle_degrees": 1.2744140625,
    "azimuth_angle_degrees": 50.2239990234375,
    "bounding_box_lon_lat": {
        "nw": [
            -125.22895212700705,
            49.64933139960247
        ],
        "ne": [
            -112.47690376778198,
            49.64933139960247
        ],
        "se": [
            -112.47690376778198,
            41.42530805295262
        ],
        "sw": [
            -125.22895212700705,
            41.42530805295262
        ]
    }
}