{
    "original_sweep_number": 12,
    "elevation_index": 11,
    "elevation_angle_degrees": 2.22198486328125,
    "azimuth_angle_degrees": 198.555908203125,
    "bounding_box_lon_lat": {
        "nw": [
            -125.21765871989066,
            49.64313277540247
        ],
        "ne": [
            -112.48819843145424,
            49.64313277540247
        ],
        "se": [
            -112.48819843145424,
            41.43252030930483
        ],
        "sw": [
            -125.21765871989066,
            41.43252030930483
        ]
    }
}