{
    "original_sweep_number": 5,
    "elevation_index": 7,
    "elevation_angle_degrees": 0.85968017578125,
    "azimuth_angle_degrees": 173.232421875,
    "bounding_box_lon_lat": {
        "nw": [
            -125.23277056909582,
            49.6514258925237
        ],
        "ne": [
            -112.47308571036349,
            49.6514258925237
        ],
        "se": [
            -112.47308571036349,
            41.42257527644078
        ],
        "sw": [
            -125.23277056909582,
            41.42257527644078
        ]
    }
}