{
    "original_sweep_number": 6,
    "elevation_index": 6,
    "elevation_angle_degrees": 0.8349609375,
    "azimuth_angle_degrees": 186.21826171875,
    "bounding_box_lon_lat": {
        "nw": [
            -125.23276933398519,
            49.65142558690701
        ],
        "ne": [
            -112.47308606434385,
            49.65142558690701
        ],
        "se": [
            -112.47308606434385,
            41.422871303010844
        ],
        "sw": [
            -125.23276933398519,
            41.422871303010844
        ]
    }
}