{
    "original_sweep_number": 10,
    "elevation_index": 1,
    "elevation_angle_degrees": 0.1318359375,
    "azimuth_angle_degrees": 29.212646484375,
    "bounding_box_lon_lat": {
        "nw": [
            -125.23804312614988,
            49.65431966585812
        ],
        "ne": [
            -112.46781170177807,
            49.65431966585812
        ],
        "se": [
            -112.46781170177807,
            41.41950290210299
        ],
        "sw": [
            -125.23804312614988,
            41.41950290210299
        ]
    }
}