{
    "original_sweep_number": 2,
    "elevation_index": 2,
    "elevation_angle_degrees": 0.17578125,
    "azimuth_angle_degrees": 102.205810546875,
    "bounding_box_lon_lat": {
        "nw": [
            -125.23774467530365,
            49.65415437394964
        ],
        "ne": [
            -112.4681125041898,
            49.65415437394964
        ],
        "se": [
            -112.4681125041898,
            41.419693957545945
        ],
        "sw": [
            -125.23774467530365,
            41.419693957545945
        ]
    }
}