{
    "original_sweep_number": 5,
    "elevation_index": 6,
    "elevation_angle_degrees": 0.8734130859375,
    "azimuth_angle_degrees": 314.23370361328125,
    "bounding_box_lon_lat": {
        "nw": [
            -125.23277035946572,
            49.651425961876015
        ],
        "ne": [
            -112.47308573026781,
            49.651425961876015
        ],
        "se": [
            -112.47308573026781,
            41.42287023131432
        ],
        "sw": [
            -125.23277035946572,
            41.42287023131432
        ]
    }
}