{
    "original_sweep_number": 6,
    "elevation_index": 6,
    "elevation_angle_degrees": 0.8349609375,
    "azimuth_angle_degrees": 176.2152099609375,
    "bounding_box_lon_lat": {
        "nw": [
            -125.23276737954338,
            49.65142474506558
        ],
        "ne": [
            -112.47308660678824,
            49.65142474506558
        ],
        "se": [
            -112.47308660678824,
            41.422872343069386
        ],
        "sw": [
            -125.23276737954338,
            41.422872343069386
        ]
    }
}