{
    "original_sweep_number": 13,
    "elevation_index": 13,
    "elevation_angle_degrees": 2.955322265625,
    "azimuth_angle_degrees": 107.5616455078125,
    "bounding_box_lon_lat": {
        "nw": [
            -125.20912941584115,
            49.63844876631495
        ],
        "ne": [
            -112.49672649844338,
            49.63844876631495
        ],
        "se": [
            -112.49672649844338,
            41.43796749023731
        ],
        "sw": [
            -125.20912941584115,
            41.43796749023731
        ]
    }
}