{
    "original_sweep_number": 12,
    "elevation_index": 11,
    "elevation_angle_degrees": 2.24945068359375,
    "azimuth_angle_degrees": 231.55609130859375,
    "bounding_box_lon_lat": {
        "nw": [
            -125.21759989923379,
            49.64313522468168
        ],
        "ne": [
            -112.48819752683123,
            49.64313522468168
        ],
        "se": [
            -112.48819752683123,
            41.43251992499683
        ],
        "sw": [
            -125.21759989923379,
            41.43251992499683
        ]
    }
}