{
    "original_sweep_number": 8,
    "elevation_index": 9,
    "elevation_angle_degrees": 1.2744140625,
    "azimuth_angle_degrees": 17.2320556640625,
    "bounding_box_lon_lat": {
        "nw": [
            -125.2289524218649,
            49.64933099275289
        ],
        "ne": [
            -112.47690465983051,
            49.64933099275289
        ],
        "se": [
            -112.47690465983051,
            41.42530860002341
        ],
        "sw": [
            -125.2289524218649,
            41.42530860002341
        ]
    }
}