{
    "original_sweep_number": 13,
    "elevation_index": 12,
    "elevation_angle_degrees": 2.96630859375,
    "azimuth_angle_degrees": 218.56201171875,
    "bounding_box_lon_lat": {
        "nw": [
            -125.20912886001535,
            49.638449111984556
        ],
        "ne": [
            -112.49672672710308,
            49.638449111984556
        ],
        "se": [
            -112.49672672710308,
            41.437968318608974
        ],
        "sw": [
            -125.20912886001535,
            41.437968318608974
        ]
    }
}