{
    "original_sweep_number": 2,
    "elevation_index": 1,
    "elevation_angle_degrees": 0.17578125,
    "azimuth_angle_degrees": 342.18841552734375,
    "bounding_box_lon_lat": {
        "nw": [
            -125.23774477426699,
            49.65415509559049
        ],
        "ne": [
            -112.46811031663054,
            49.65415509559049
        ],
        "se": [
            -112.46811031663054,
            41.41969402213303
        ],
        "sw": [
            -125.23774477426699,
            41.41969402213303
        ]
    }
}