{
    "original_sweep_number": 3,
    "elevation_index": 4,
    "elevation_angle_degrees": 0.37353515625,
    "azimuth_angle_degrees": 69.2578125,
    "bounding_box_lon_lat": {
        "nw": [
            -125.23586451334252,
            49.65312332661249
        ],
        "ne": [
            -112.46975791062064,
            49.65312332661249
        ],
        "se": [
            -112.46975791062064,
            41.42088462909944
        ],
        "sw": [
            -125.23586451334252,
            41.42088462909944
        ]
    }
}