{
    "original_sweep_number": 14,
    "elevation_index": 13,
    "elevation_angle_degrees": 3.85345458984375,
    "azimuth_angle_degrees": 32.5579833984375,
    "bounding_box_lon_lat": {
        "nw": [
            -125.19704031421035,
            49.63180971520782
        ],
        "ne": [
            -112.50881521987019,
            49.63180971520782
        ],
        "se": [
            -112.50881521987019,
            41.445689548039134
        ],
        "sw": [
            -125.19704031421035,
            41.445689548039134
        ]
    }
}