{
    "original_sweep_number": 12,
    "elevation_index": 11,
    "elevation_angle_degrees": 2.23297119140625,
    "azimuth_angle_degrees": 290.5499267578125,
    "bounding_box_lon_lat": {
        "nw": [
            -125.21766015991231,
            49.64313311362218
        ],
        "ne": [
            -112.4881964108507,
            49.64313311362218
        ],
        "se": [
            -112.4881964108507,
            41.432519962400534
        ],
        "sw": [
            -125.21766015991231,
            41.432519962400534
        ]
    }
}