{
    "original_sweep_number": 13,
    "elevation_index": 12,
    "elevation_angle_degrees": 2.955322265625,
    "azimuth_angle_degrees": 77.552490234375,
    "bounding_box_lon_lat": {
        "nw": [
            -125.20912924892842,
            49.63844974672219
        ],
        "ne": [
            -112.4967263745418,
            49.63844974672219
        ],
        "se": [
            -112.4967263745418,
            41.43796765522313
        ],
        "sw": [
            -125.20912924892842,
            41.43796765522313
        ]
    }
}