{
    "original_sweep_number": 8,
    "elevation_index": 9,
    "elevation_angle_degrees": 1.318359375,
    "azimuth_angle_degrees": 104.2108154296875,
    "bounding_box_lon_lat": {
        "nw": [
            -125.22854889898389,
            49.64910940738039
        ],
        "ne": [
            -112.47730783445368,
            49.64910940738039
        ],
        "se": [
            -112.47730783445368,
            41.42556616685667
        ],
        "sw": [
            -125.22854889898389,
            41.42556616685667
        ]
    }
}