{
    "original_sweep_number": 2,
    "elevation_index": 1,
    "elevation_angle_degrees": 0.17578125,
    "azimuth_angle_degrees": 335.2093505859375,
    "bounding_box_lon_lat": {
        "nw": [
            -125.23774527633331,
            49.65415506900635
        ],
        "ne": [
            -112.46811049737443,
            49.65415506900635
        ],
        "se": [
            -112.46811049737443,
            41.4196937034084
        ],
        "sw": [
            -125.23774527633331,
            41.4196937034084
        ]
    }
}