{
    "original_sweep_number": 13,
    "elevation_index": 12,
    "elevation_angle_degrees": 2.933349609375,
    "azimuth_angle_degrees": 147.56011962890625,
    "bounding_box_lon_lat": {
        "nw": [
            -125.2091295961391,
            49.63844912032166
        ],
        "ne": [
            -112.49672762135711,
            49.63844912032166
        ],
        "se": [
            -112.49672762135711,
            41.43854197029072
        ],
        "sw": [
            -125.2091295961391,
            41.43854197029072
        ]
    }
}