{
    "original_sweep_number": 12,
    "elevation_index": 11,
    "elevation_angle_degrees": 2.2357177734375,
    "azimuth_angle_degrees": 57.55462646484375,
    "bounding_box_lon_lat": {
        "nw": [
            -125.21765864171044,
            49.64313212364702
        ],
        "ne": [
            -112.48792296276298,
            49.64313212364702
        ],
        "se": [
            -112.48792296276298,
            41.43250845664005
        ],
        "sw": [
            -125.21765864171044,
            41.43250845664005
        ]
    }
}