{
    "original_sweep_number": 7,
    "elevation_index": 8,
    "elevation_angle_degrees": 1.27166748046875,
    "azimuth_angle_degrees": 157.247314453125,
    "bounding_box_lon_lat": {
        "nw": [
            -125.2289532879475,
            49.649331477246875
        ],
        "ne": [
            -112.47690295325046,
            49.649331477246875
        ],
        "se": [
            -112.47690295325046,
            41.42530771095633
        ],
        "sw": [
            -125.2289532879475,
            41.42530771095633
        ]
    }
}