{
    "original_sweep_number": 16,
    "elevation_index": 15,
    "elevation_angle_degrees": 6.2677001953125,
    "azimuth_angle_degrees": 16.54815673828125,
    "bounding_box_lon_lat": {
        "nw": [
            -125.1557061602062,
            49.609082463733834
        ],
        "ne": [
            -112.55015182669936,
            49.609082463733834
        ],
        "se": [
            -112.55015182669936,
            41.47210522115246
        ],
        "sw": [
            -125.1557061602062,
            41.47210522115246
        ]
    }
}