{
    "original_sweep_number": 12,
    "elevation_index": 11,
    "elevation_angle_degrees": 2.22198486328125,
    "azimuth_angle_degrees": 125.56549072265625,
    "bounding_box_lon_lat": {
        "nw": [
            -125.21765845488565,
            49.64313191047218
        ],
        "ne": [
            -112.48819755531551,
            49.64313191047218
        ],
        "se": [
            -112.48819755531551,
            41.432520302574
        ],
        "sw": [
            -125.21765845488565,
            41.432520302574
        ]
    }
}