{
    "original_sweep_number": 16,
    "elevation_index": 15,
    "elevation_angle_degrees": 6.27593994140625,
    "azimuth_angle_degrees": 69.5489501953125,
    "bounding_box_lon_lat": {
        "nw": [
            -125.15570505463599,
            49.609086426631265
        ],
        "ne": [
            -112.55025088647065,
            49.609086426631265
        ],
        "se": [
            -112.55025088647065,
            41.47210585977288
        ],
        "sw": [
            -125.15570505463599,
            41.47210585977288
        ]
    }
}