{
    "original_sweep_number": 14,
    "elevation_index": 13,
    "elevation_angle_degrees": 3.82049560546875,
    "azimuth_angle_degrees": 331.54541015625,
    "bounding_box_lon_lat": {
        "nw": [
            -125.19704252712351,
            49.63181052851787
        ],
        "ne": [
            -112.50881391041105,
            49.63181052851787
        ],
        "se": [
            -112.50881391041105,
            41.44568901137854
        ],
        "sw": [
            -125.19704252712351,
            41.44568901137854
        ]
    }
}