{
    "original_sweep_number": 10,
    "elevation_index": 1,
    "elevation_angle_degrees": 0.17578125,
    "azimuth_angle_degrees": 91.21673583984375,
    "bounding_box_lon_lat": {
        "nw": [
            -125.23774391801571,
            49.65415514092851
        ],
        "ne": [
            -112.4681103732271,
            49.65415514092851
        ],
        "se": [
            -112.4681103732271,
            41.41969396425006
        ],
        "sw": [
            -125.23774391801571,
            41.41969396425006
        ]
    }
}