{
    "original_sweep_number": 8,
    "elevation_index": 7,
    "elevation_angle_degrees": 1.2744140625,
    "azimuth_angle_degrees": 357.20123291015625,
    "bounding_box_lon_lat": {
        "nw": [
            -125.22895233297803,
            49.64933090387134
        ],
        "ne": [
            -112.47690368396572,
            49.64933090387134
        ],
        "se": [
            -112.47690368396572,
            41.42530823569528
        ],
        "sw": [
            -125.22895233297803,
            41.42530823569528
        ]
    }
}