{
    "original_sweep_number": 2,
    "elevation_index": 2,
    "elevation_angle_degrees": 0.2197265625,
    "azimuth_angle_degrees": 280.1953125,
    "bounding_box_lon_lat": {
        "nw": [
            -125.23744033673398,
            49.6539881987973
        ],
        "ne": [
            -112.46841456435835,
            49.6539881987973
        ],
        "se": [
            -112.46841456435835,
            41.4198880678723
        ],
        "sw": [
            -125.23744033673398,
            41.4198880678723
        ]
    }
}