{
    "original_sweep_number": 3,
    "elevation_index": 4,
    "elevation_angle_degrees": 0.44769287109375,
    "azimuth_angle_degrees": 302.255859375,
    "bounding_box_lon_lat": {
        "nw": [
            -125.2355357173199,
            49.652942937550634
        ],
        "ne": [
            -112.47032056212059,
            49.652942937550634
        ],
        "se": [
            -112.47032056212059,
            41.42110469795666
        ],
        "sw": [
            -125.2355357173199,
            41.42110469795666
        ]
    }
}