{
    "original_sweep_number": 6,
    "elevation_index": 7,
    "elevation_angle_degrees": 0.87890625,
    "azimuth_angle_degrees": 327.22503662109375,
    "bounding_box_lon_lat": {
        "nw": [
            -125.23240471004108,
            49.651226170092606
        ],
        "ne": [
            -112.47344977442445,
            49.651226170092606
        ],
        "se": [
            -112.47344977442445,
            41.42310332165732
        ],
        "sw": [
            -125.23240471004108,
            41.42310332165732
        ]
    }
}