{
    "original_sweep_number": 18,
    "elevation_index": 17,
    "elevation_angle_degrees": 9.854736328125,
    "azimuth_angle_degrees": 72.49053955078125,
    "bounding_box_lon_lat": {
        "nw": [
            -125.07236388955566,
            49.56314893165814
        ],
        "ne": [
            -112.6325447012474,
            49.56314893165814
        ],
        "se": [
            -112.6325447012474,
            41.52537397344989
        ],
        "sw": [
            -125.07236388955566,
            41.52537397344989
        ]
    }
}