{
    "original_sweep_number": 8,
    "elevation_index": 9,
    "elevation_angle_degrees": 1.2744140625,
    "azimuth_angle_degrees": 280.2227783203125,
    "bounding_box_lon_lat": {
        "nw": [
            -125.22895133159895,
            49.649331110118986
        ],
        "ne": [
            -112.47690443556577,
            49.649331110118986
        ],
        "se": [
            -112.47690443556577,
            41.42530789701059
        ],
        "sw": [
            -125.22895133159895,
            41.42530789701059
        ]
    }
}