{
    "original_sweep_number": 10,
    "elevation_index": 2,
    "elevation_angle_degrees": 0.19500732421875,
    "azimuth_angle_degrees": 316.25518798828125,
    "bounding_box_lon_lat": {
        "nw": [
            -125.23774650202706,
            49.65415567875703
        ],
        "ne": [
            -112.46810981938944,
            49.65415567875703
        ],
        "se": [
            -112.46810981938944,
            41.41969323384819
        ],
        "sw": [
            -125.23774650202706,
            41.41969323384819
        ]
    }
}