{
    "original_sweep_number": 16,
    "elevation_index": 16,
    "elevation_angle_degrees": 6.273193359375,
    "azimuth_angle_degrees": 158.55194091796875,
    "bounding_box_lon_lat": {
        "nw": [
            -125.15570510454154,
            49.60908163079539
        ],
        "ne": [
            -112.5501516350671,
            49.60908163079539
        ],
        "se": [
            -112.5501516350671,
            41.47201052441722
        ],
        "sw": [
            -125.15570510454154,
            41.47201052441722
        ]
    }
}