{
    "original_sweep_number": 2,
    "elevation_index": 1,
    "elevation_angle_degrees": 0.17578125,
    "azimuth_angle_degrees": 56.195068359375,
    "bounding_box_lon_lat": {
        "nw": [
            -125.23774367329445,
            49.65415540970622
        ],
        "ne": [
            -112.46811210954183,
            49.65415540970622
        ],
        "se": [
            -112.46811210954183,
            41.41969422956435
        ],
        "sw": [
            -125.23774367329445,
            41.41969422956435
        ]
    }
}