{
    "original_sweep_number": 6,
    "elevation_index": 6,
    "elevation_angle_degrees": 0.8349609375,
    "azimuth_angle_degrees": 72.18292236328125,
    "bounding_box_lon_lat": {
        "nw": [
            -125.23276930840814,
            49.65142546263889
        ],
        "ne": [
            -112.47308841588583,
            49.65142546263889
        ],
        "se": [
            -112.47308841588583,
            41.42287127355867
        ],
        "sw": [
            -125.23276930840814,
            41.42287127355867
        ]
    }
}