{
    "original_sweep_number": 9,
    "elevation_index": 3,
    "elevation_angle_degrees": 0.2471923828125,
    "azimuth_angle_degrees": 78.25286865234375,
    "bounding_box_lon_lat": {
        "nw": [
            -125.23774628187614,
            49.65415568208487
        ],
        "ne": [
            -112.46810983688812,
            49.65415568208487
        ],
        "se": [
            -112.46810983688812,
            41.41969320971425
        ],
        "sw": [
            -125.23774628187614,
            41.41969320971425
        ]
    }
}