{
    "original_sweep_number": 4,
    "elevation_index": 5,
    "elevation_angle_degrees": 0.4833984375,
    "azimuth_angle_degrees": 84.22119140625,
    "bounding_box_lon_lat": {
        "nw": [
            -125.23553249659145,
            49.65294274167161
        ],
        "ne": [
            -112.47032324262854,
            49.65294274167161
        ],
        "se": [
            -112.47032324262854,
            41.421106022982535
        ],
        "sw": [
            -125.23553249659145,
            41.421106022982535
        ]
    }
}