{
    "original_sweep_number": 2,
    "elevation_index": 1,
    "elevation_angle_degrees": 0.17578125,
    "azimuth_angle_degrees": 202.22259521484375,
    "bounding_box_lon_lat": {
        "nw": [
            -125.23774440378158,
            49.65415399079011
        ],
        "ne": [
            -112.46811019782953,
            49.65415399079011
        ],
        "se": [
            -112.46811019782953,
            41.419693552705574
        ],
        "sw": [
            -125.23774440378158,
            41.419693552705574
        ]
    }
}