{
    "original_sweep_number": 14,
    "elevation_index": 13,
    "elevation_angle_degrees": 3.812255859375,
    "azimuth_angle_degrees": 166.55548095703125,
    "bounding_box_lon_lat": {
        "nw": [
            -125.19704209148077,
            49.631809952118964
        ],
        "ne": [
            -112.50881518419796,
            49.631809952118964
        ],
        "se": [
            -112.50881518419796,
            41.445352057236754
        ],
        "sw": [
            -125.19704209148077,
            41.445352057236754
        ]
    }
}