{
    "original_sweep_number": 18,
    "elevation_index": 17,
    "elevation_angle_degrees": 9.8492431640625,
    "azimuth_angle_degrees": 343.49853515625,
    "bounding_box_lon_lat": {
        "nw": [
            -125.07246010333992,
            49.5639168760148
        ],
        "ne": [
            -112.63339619855597,
            49.5639168760148
        ],
        "se": [
            -112.63339619855597,
            41.52541449445923
        ],
        "sw": [
            -125.07246010333992,
            41.52541449445923
        ]
    }
}