{
    "original_sweep_number": 10,
    "elevation_index": 1,
    "elevation_angle_degrees": 0.17578125,
    "azimuth_angle_degrees": 305.21392822265625,
    "bounding_box_lon_lat": {
        "nw": [
            -125.2377445245504,
            49.654154926764306
        ],
        "ne": [
            -112.46811065945765,
            49.654154926764306
        ],
        "se": [
            -112.46811065945765,
            41.419694098786145
        ],
        "sw": [
            -125.2377445245504,
            41.419694098786145
        ]
    }
}