{
    "original_sweep_number": 11,
    "elevation_index": 10,
    "elevation_angle_degrees": 1.7523193359375,
    "azimuth_angle_degrees": 41.55029296875,
    "bounding_box_lon_lat": {
        "nw": [
            -125.22428609946495,
            49.64677139887172
        ],
        "ne": [
            -112.48156740350093,
            49.64677139887172
        ],
        "se": [
            -112.48156740350093,
            41.42828615927369
        ],
        "sw": [
            -125.22428609946495,
            41.42828615927369
        ]
    }
}