{
    "original_sweep_number": 2,
    "elevation_index": 1,
    "elevation_angle_degrees": 0.17578125,
    "azimuth_angle_degrees": 89.208984375,
    "bounding_box_lon_lat": {
        "nw": [
            -125.23774557185257,
            49.65415477671378
        ],
        "ne": [
            -112.4681114816679,
            49.65415477671378
        ],
        "se": [
            -112.4681114816679,
            41.41969362278942
        ],
        "sw": [
            -125.23774557185257,
            41.41969362278942
        ]
    }
}