{
    "original_sweep_number": 10,
    "elevation_index": 1,
    "elevation_angle_degrees": 0.17578125,
    "azimuth_angle_degrees": 84.21844482421875,
    "bounding_box_lon_lat": {
        "nw": [
            -125.23774386343091,
            49.654155786343026
        ],
        "ne": [
            -112.46811135891676,
            49.654155786343026
        ],
        "se": [
            -112.46811135891676,
            41.419694408442105
        ],
        "sw": [
            -125.23774386343091,
            41.419694408442105
        ]
    }
}