{
    "original_sweep_number": 6,
    "elevation_index": 6,
    "elevation_angle_degrees": 0.8349609375,
    "azimuth_angle_degrees": 113.21136474609375,
    "bounding_box_lon_lat": {
        "nw": [
            -125.232768985021,
            49.651425230837276
        ],
        "ne": [
            -112.47308676904389,
            49.651425230837276
        ],
        "se": [
            -112.47308676904389,
            41.422871006446975
        ],
        "sw": [
            -125.232768985021,
            41.422871006446975
        ]
    }
}