{
    "original_sweep_number": 16,
    "elevation_index": 15,
    "elevation_angle_degrees": 6.251220703125,
    "azimuth_angle_degrees": 205.55419921875,
    "bounding_box_lon_lat": {
        "nw": [
            -125.15570442688302,
            49.60908191602332
        ],
        "ne": [
            -112.55015105281159,
            49.60908191602332
        ],
        "se": [
            -112.55015105281159,
            41.47210533490966
        ],
        "sw": [
            -125.15570442688302,
            41.47210533490966
        ]
    }
}