{
    "original_sweep_number": 7,
    "elevation_index": 8,
    "elevation_angle_degrees": 1.14532470703125,
    "azimuth_angle_degrees": 346.24786376953125,
    "bounding_box_lon_lat": {
        "nw": [
            -125.22894158096305,
            49.64924082058048
        ],
        "ne": [
            -112.47691465476545,
            49.64924082058048
        ],
        "se": [
            -112.47691465476545,
            41.42530763745243
        ],
        "sw": [
            -125.22894158096305,
            41.42530763745243
        ]
    }
}