{
    "original_sweep_number": 15,
    "elevation_index": 14,
    "elevation_angle_degrees": 4.93011474609375,
    "azimuth_angle_degrees": 275.548095703125,
    "bounding_box_lon_lat": {
        "nw": [
            -125.17971902190382,
            49.62229052563994
        ],
        "ne": [
            -112.52613667714478,
            49.62229052563994
        ],
        "se": [
            -112.52613667714478,
            41.45675743193219
        ],
        "sw": [
            -125.17971902190382,
            41.45675743193219
        ]
    }
}