{
    "original_sweep_number": 8,
    "elevation_index": 9,
    "elevation_angle_degrees": 1.2744140625,
    "azimuth_angle_degrees": 41.19598388671875,
    "bounding_box_lon_lat": {
        "nw": [
            -125.22895171669565,
            49.64933056570077
        ],
        "ne": [
            -112.4769044023476,
            49.64933056570077
        ],
        "se": [
            -112.4769044023476,
            41.42530861948492
        ],
        "sw": [
            -125.22895171669565,
            41.42530861948492
        ]
    }
}