{
    "original_sweep_number": 11,
    "elevation_index": 10,
    "elevation_angle_degrees": 1.77154541015625,
    "azimuth_angle_degrees": 91.55731201171875,
    "bounding_box_lon_lat": {
        "nw": [
            -125.22428787944968,
            49.64677183207155
        ],
        "ne": [
            -112.48156829257613,
            49.64677183207155
        ],
        "se": [
            -112.48156829257613,
            41.42828628241632
        ],
        "sw": [
            -125.22428787944968,
            41.42828628241632
        ]
    }
}