{
    "original_sweep_number": 3,
    "elevation_index": 4,
    "elevation_angle_degrees": 0.439453125,
    "azimuth_angle_degrees": 148.25225830078125,
    "bounding_box_lon_lat": {
        "nw": [
            -125.23553575975019,
            49.652942925372265
        ],
        "ne": [
            -112.47032057809257,
            49.652942925372265
        ],
        "se": [
            -112.47032057809257,
            41.42110469795666
        ],
        "sw": [
            -125.23553575975019,
            41.42110469795666
        ]
    }
}