{
    "original_sweep_number": 2,
    "elevation_index": 1,
    "elevation_angle_degrees": 0.17578125,
    "azimuth_angle_degrees": 331.1993408203125,
    "bounding_box_lon_lat": {
        "nw": [
            -125.23774418808271,
            49.654155182552024
        ],
        "ne": [
            -112.46811030946371,
            49.654155182552024
        ],
        "se": [
            -112.46811030946371,
            41.41969414993609
        ],
        "sw": [
            -125.23774418808271,
            41.41969414993609
        ]
    }
}