{
    "original_sweep_number": 9,
    "elevation_index": 2,
    "elevation_angle_degrees": 0.24169921875,
    "azimuth_angle_degrees": 229.2462158203125,
    "bounding_box_lon_lat": {
        "nw": [
            -125.23774645897278,
            49.65415570090645
        ],
        "ne": [
            -112.46811012716961,
            49.65415570090645
        ],
        "se": [
            -112.46811012716961,
            41.41969322518864
        ],
        "sw": [
            -125.23774645897278,
            41.41969322518864
        ]
    }
}