{
    "original_sweep_number": 8,
    "elevation_index": 9,
    "elevation_angle_degrees": 1.2744140625,
    "azimuth_angle_degrees": 172.21343994140625,
    "bounding_box_lon_lat": {
        "nw": [
            -125.22895197517971,
            49.64933097626662
        ],
        "ne": [
            -112.47690415844916,
            49.64933097626662
        ],
        "se": [
            -112.47690415844916,
            41.42530836539706
        ],
        "sw": [
            -125.22895197517971,
            41.42530836539706
        ]
    }
}