{
    "original_sweep_number": 15,
    "elevation_index": 14,
    "elevation_angle_degrees": 4.95758056640625,
    "azimuth_angle_degrees": 354.54254150390625,
    "bounding_box_lon_lat": {
        "nw": [
            -125.17977081854063,
            49.622691164370195
        ],
        "ne": [
            -112.5260859968233,
            49.622691164370195
        ],
        "se": [
            -112.5260859968233,
            41.45675743193219
        ],
        "sw": [
            -125.17977081854063,
            41.45675743193219
        ]
    }
}