{
    "original_sweep_number": 7,
    "elevation_index": 8,
    "elevation_angle_degrees": 1.2469482421875,
    "azimuth_angle_degrees": 50.25146484375,
    "bounding_box_lon_lat": {
        "nw": [
            -125.22895331164918,
            49.64933147599353
        ],
        "ne": [
            -112.47690297512892,
            49.64933147599353
        ],
        "se": [
            -112.47690297512892,
            41.425307732001144
        ],
        "sw": [
            -125.22895331164918,
            41.425307732001144
        ]
    }
}