{
    "original_sweep_number": 6,
    "elevation_index": 7,
    "elevation_angle_degrees": 0.8349609375,
    "azimuth_angle_degrees": 193.216552734375,
    "bounding_box_lon_lat": {
        "nw": [
            -125.23276912478273,
            49.651425502856334
        ],
        "ne": [
            -112.47308598895765,
            49.651425502856334
        ],
        "se": [
            -112.47308598895765,
            41.42287075642125
        ],
        "sw": [
            -125.23276912478273,
            41.42287075642125
        ]
    }
}