{
    "original_sweep_number": 6,
    "elevation_index": 7,
    "elevation_angle_degrees": 0.87890625,
    "azimuth_angle_degrees": 143.2232666015625,
    "bounding_box_lon_lat": {
        "nw": [
            -125.23240527052705,
            49.65122617254002
        ],
        "ne": [
            -112.47345085570335,
            49.65122617254002
        ],
        "se": [
            -112.47345085570335,
            41.423103255451096
        ],
        "sw": [
            -125.23240527052705,
            41.423103255451096
        ]
    }
}