{
    "original_sweep_number": 3,
    "elevation_index": 4,
    "elevation_angle_degrees": 0.44769287109375,
    "azimuth_angle_degrees": 23.25531005859375,
    "bounding_box_lon_lat": {
        "nw": [
            -125.23553576340727,
            49.65294295295327
        ],
        "ne": [
            -112.47032055983492,
            49.65294295295327
        ],
        "se": [
            -112.47032055983492,
            41.42110469795666
        ],
        "sw": [
            -125.23553576340727,
            41.42110469795666
        ]
    }
}