{
    "original_sweep_number": 3,
    "elevation_index": 3,
    "elevation_angle_degrees": 0.3955078125,
    "azimuth_angle_degrees": 290.25604248046875,
    "bounding_box_lon_lat": {
        "nw": [
            -125.2355357640133,
            49.65294294427484
        ],
        "ne": [
            -112.4703205756545,
            49.65294294427484
        ],
        "se": [
            -112.4703205756545,
            41.42110470734095
        ],
        "sw": [
            -125.2355357640133,
            41.42110470734095
        ]
    }
}