{
    "original_sweep_number": 3,
    "elevation_index": 4,
    "elevation_angle_degrees": 0.4119873046875,
    "azimuth_angle_degrees": 331.23779296875,
    "bounding_box_lon_lat": {
        "nw": [
            -125.23586453721131,
            49.65312328371535
        ],
        "ne": [
            -112.46999176960442,
            49.65312328371535
        ],
        "se": [
            -112.46999176960442,
            41.42089477923539
        ],
        "sw": [
            -125.23586453721131,
            41.42089477923539
        ]
    }
}