{
    "original_sweep_number": 2,
    "elevation_index": 1,
    "elevation_angle_degrees": 0.17578125,
    "azimuth_angle_degrees": 274.21051025390625,
    "bounding_box_lon_lat": {
        "nw": [
            -125.23774456846633,
            49.65415526711859
        ],
        "ne": [
            -112.46811121619562,
            49.65415526711859
        ],
        "se": [
            -112.46811121619562,
            41.4196938883115
        ],
        "sw": [
            -125.23774456846633,
            41.4196938883115
        ]
    }
}