{
    "original_sweep_number": 1,
    "elevation_index": 2,
    "elevation_angle_degrees": 0.3240966796875,
    "azimuth_angle_degrees": 318.2464599609375,
    "bounding_box_lon_lat": {
        "nw": [
            -125.23774649958727,
            49.65415566013847
        ],
        "ne": [
            -112.468109829132,
            49.65415566013847
        ],
        "se": [
            -112.468109829132,
            41.419693209077224
        ],
        "sw": [
            -125.23774649958727,
            41.419693209077224
        ]
    }
}