{
    "original_sweep_number": 12,
    "elevation_index": 10,
    "elevation_angle_degrees": 2.21649169921875,
    "azimuth_angle_degrees": 268.560791015625,
    "bounding_box_lon_lat": {
        "nw": [
            -125.21864788543905,
            49.643132186194556
        ],
        "ne": [
            -112.4881988663556,
            49.643132186194556
        ],
        "se": [
            -112.4881988663556,
            41.4324774680106
        ],
        "sw": [
            -125.21864788543905,
            41.4324774680106
        ]
    }
}