{
    "original_sweep_number": 15,
    "elevation_index": 14,
    "elevation_angle_degrees": 4.94384765625,
    "azimuth_angle_degrees": 262.5457763671875,
    "bounding_box_lon_lat": {
        "nw": [
            -125.18095489112977,
            49.62228955048639
        ],
        "ne": [
            -112.52613830015395,
            49.62228955048639
        ],
        "se": [
            -112.52613830015395,
            41.45670392580123
        ],
        "sw": [
            -125.18095489112977,
            41.45670392580123
        ]
    }
}