{
    "original_sweep_number": 16,
    "elevation_index": 15,
    "elevation_angle_degrees": 6.295166015625,
    "azimuth_angle_degrees": 144.54437255859375,
    "bounding_box_lon_lat": {
        "nw": [
            -125.15570553361648,
            49.609081950463775
        ],
        "ne": [
            -112.55015091399491,
            49.609081950463775
        ],
        "se": [
            -112.55015091399491,
            41.47210575081837
        ],
        "sw": [
            -125.15570553361648,
            41.47210575081837
        ]
    }
}