{
    "original_sweep_number": 7,
    "elevation_index": 8,
    "elevation_angle_degrees": 1.22222900390625,
    "azimuth_angle_degrees": 264.2431640625,
    "bounding_box_lon_lat": {
        "nw": [
            -125.22877829449453,
            49.64934067728248
        ],
        "ne": [
            -112.47690296920916,
            49.64934067728248
        ],
        "se": [
            -112.47690296920916,
            41.42530763689639
        ],
        "sw": [
            -125.22877829449453,
            41.42530763689639
        ]
    }
}