{
    "original_sweep_number": 11,
    "elevation_index": 10,
    "elevation_angle_degrees": 1.64794921875,
    "azimuth_angle_degrees": 108.5504150390625,
    "bounding_box_lon_lat": {
        "nw": [
            -125.22428844119594,
            49.64677163613416
        ],
        "ne": [
            -112.48156700207626,
            49.64677163613416
        ],
        "se": [
            -112.48156700207626,
            41.42828606467278
        ],
        "sw": [
            -125.22428844119594,
            41.42828606467278
        ]
    }
}