{
    "original_sweep_number": 3,
    "elevation_index": 4,
    "elevation_angle_degrees": 0.472412109375,
    "azimuth_angle_degrees": 215.24688720703125,
    "bounding_box_lon_lat": {
        "nw": [
            -125.23553576295014,
            49.65294295713742
        ],
        "ne": [
            -112.47032070629763,
            49.65294295713742
        ],
        "se": [
            -112.47032070629763,
            41.42110469795666
        ],
        "sw": [
            -125.23553576295014,
            41.42110469795666
        ]
    }
}