{
    "original_sweep_number": 5,
    "elevation_index": 6,
    "elevation_angle_degrees": 0.76904296875,
    "azimuth_angle_degrees": 180.2471923828125,
    "bounding_box_lon_lat": {
        "nw": [
            -125.23277054674502,
            49.651425875871354
        ],
        "ne": [
            -112.47308571264715,
            49.651425875871354
        ],
        "se": [
            -112.47308571264715,
            41.4225217060861
        ],
        "sw": [
            -125.23277054674502,
            41.4225217060861
        ]
    }
}