{
    "original_sweep_number": 3,
    "elevation_index": 3,
    "elevation_angle_degrees": 0.3515625,
    "azimuth_angle_degrees": 153.25927734375,
    "bounding_box_lon_lat": {
        "nw": [
            -125.23586453721131,
            49.65312328371535
        ],
        "ne": [
            -112.46999177142958,
            49.65312328371535
        ],
        "se": [
            -112.46999177142958,
            41.420894769850655
        ],
        "sw": [
            -125.23586453721131,
            41.420894769850655
        ]
    }
}