{
    "original_sweep_number": 11,
    "elevation_index": 1,
    "elevation_angle_degrees": 0.17578125,
    "azimuth_angle_degrees": 66.18988037109375,
    "bounding_box_lon_lat": {
        "nw": [
            -125.23774464765096,
            49.65415498330877
        ],
        "ne": [
            -112.46811038847571,
            49.65415498330877
        ],
        "se": [
            -112.46811038847571,
            41.419693456587886
        ],
        "sw": [
            -125.23774464765096,
            41.419693456587886
        ]
    }
}