{
    "original_sweep_number": 13,
    "elevation_index": 12,
    "elevation_angle_degrees": 2.94158935546875,
    "azimuth_angle_degrees": 10.5523681640625,
    "bounding_box_lon_lat": {
        "nw": [
            -125.20912907570575,
            49.63844958049179
        ],
        "ne": [
            -112.49672666590777,
            49.63844958049179
        ],
        "se": [
            -112.49672666590777,
            41.437968526019695
        ],
        "sw": [
            -125.20912907570575,
            41.437968526019695
        ]
    }
}