{
    "original_sweep_number": 10,
    "elevation_index": 1,
    "elevation_angle_degrees": 0.17578125,
    "azimuth_angle_degrees": 163.21014404296875,
    "bounding_box_lon_lat": {
        "nw": [
            -125.23774447297396,
            49.65415545303354
        ],
        "ne": [
            -112.46811027286707,
            49.65415545303354
        ],
        "se": [
            -112.46811027286707,
            41.41969484220263
        ],
        "sw": [
            -125.23774447297396,
            41.41969484220263
        ]
    }
}