{
    "original_sweep_number": 13,
    "elevation_index": 12,
    "elevation_angle_degrees": 2.94708251953125,
    "azimuth_angle_degrees": 89.5550537109375,
    "bounding_box_lon_lat": {
        "nw": [
            -125.20912876308037,
            49.63844959697437
        ],
        "ne": [
            -112.49556300955167,
            49.63844959697437
        ],
        "se": [
            -112.49556300955167,
            41.43791725994795
        ],
        "sw": [
            -125.20912876308037,
            41.43791725994795
        ]
    }
}