{
    "original_sweep_number": 14,
    "elevation_index": 13,
    "elevation_angle_degrees": 3.82598876953125,
    "azimuth_angle_degrees": 126.55426025390625,
    "bounding_box_lon_lat": {
        "nw": [
            -125.19704172733998,
            49.631810096210636
        ],
        "ne": [
            -112.50881433466246,
            49.631810096210636
        ],
        "se": [
            -112.50881433466246,
            41.44532813939252
        ],
        "sw": [
            -125.19704172733998,
            41.44532813939252
        ]
    }
}