{
    "original_sweep_number": 1,
    "elevation_index": 3,
    "elevation_angle_degrees": 0.21148681640625,
    "azimuth_angle_degrees": 270.2471923828125,
    "bounding_box_lon_lat": {
        "nw": [
            -125.23774650461516,
            49.65415568698604
        ],
        "ne": [
            -112.46810986426941,
            49.65415568698604
        ],
        "se": [
            -112.46810986426941,
            41.4196932149144
        ],
        "sw": [
            -125.23774650461516,
            41.4196932149144
        ]
    }
}