{
    "original_sweep_number": 17,
    "elevation_index": 16,
    "elevation_angle_degrees": 7.80853271484375,
    "azimuth_angle_degrees": 239.5074462890625,
    "bounding_box_lon_lat": {
        "nw": [
            -125.12234525914978,
            49.59068149567667
        ],
        "ne": [
            -112.58356891801908,
            49.59068149567667
        ],
        "se": [
            -112.58356891801908,
            41.493470636866284
        ],
        "sw": [
            -125.12234525914978,
            41.493470636866284
        ]
    }
}