{
    "original_sweep_number": 7,
    "elevation_index": 8,
    "elevation_angle_degrees": 1.27166748046875,
    "azimuth_angle_degrees": 264.26788330078125,
    "bounding_box_lon_lat": {
        "nw": [
            -125.22913792655748,
            49.64933144773663
        ],
        "ne": [
            -112.47690294915088,
            49.64933144773663
        ],
        "se": [
            -112.47690294915088,
            41.42529966980467
        ],
        "sw": [
            -125.22913792655748,
            41.42529966980467
        ]
    }
}