{
    "original_sweep_number": 16,
    "elevation_index": 15,
    "elevation_angle_degrees": 6.27044677734375,
    "azimuth_angle_degrees": 4.559326171875,
    "bounding_box_lon_lat": {
        "nw": [
            -125.1557045051929,
            49.609081347642444
        ],
        "ne": [
            -112.55015099613112,
            49.609081347642444
        ],
        "se": [
            -112.55015099613112,
            41.47210541006744
        ],
        "sw": [
            -125.1557045051929,
            41.47210541006744
        ]
    }
}