{
    "original_sweep_number": 14,
    "elevation_index": 13,
    "elevation_angle_degrees": 3.812255859375,
    "azimuth_angle_degrees": 53.54461669921875,
    "bounding_box_lon_lat": {
        "nw": [
            -125.19704191813835,
            49.63180957616256
        ],
        "ne": [
            -112.50881523236299,
            49.63180957616256
        ],
        "se": [
            -112.50881523236299,
            41.44568969094977
        ],
        "sw": [
            -125.19704191813835,
            41.44568969094977
        ]
    }
}