{
    "original_sweep_number": 1,
    "elevation_index": 3,
    "elevation_angle_degrees": 0.31585693359375,
    "azimuth_angle_degrees": 124.26361083984375,
    "bounding_box_lon_lat": {
        "nw": [
            -125.23774648818392,
            49.654155688049386
        ],
        "ne": [
            -112.46810988435206,
            49.654155688049386
        ],
        "se": [
            -112.46810988435206,
            41.4196933008331
        ],
        "sw": [
            -125.23774648818392,
            41.4196933008331
        ]
    }
}