{
    "original_sweep_number": 18,
    "elevation_index": 17,
    "elevation_angle_degrees": 9.832763671875,
    "azimuth_angle_degrees": 60.4962158203125,
    "bounding_box_lon_lat": {
        "nw": [
            -125.0723638943139,
            49.56314892676811
        ],
        "ne": [
            -112.6320044040599,
            49.56314892676811
        ],
        "se": [
            -112.6320044040599,
            41.5253508796984
        ],
        "sw": [
            -125.0723638943139,
            41.5253508796984
        ]
    }
}