{
    "original_sweep_number": 5,
    "elevation_index": 7,
    "elevation_angle_degrees": 0.84869384765625,
    "azimuth_angle_degrees": 235.2337646484375,
    "bounding_box_lon_lat": {
        "nw": [
            -125.23277058916827,
            49.65142591999755
        ],
        "ne": [
            -112.47308572130392,
            49.65142591999755
        ],
        "se": [
            -112.47308572130392,
            41.42287023667024
        ],
        "sw": [
            -125.23277058916827,
            41.42287023667024
        ]
    }
}