{
    "original_sweep_number": 14,
    "elevation_index": 13,
    "elevation_angle_degrees": 3.82049560546875,
    "azimuth_angle_degrees": 270.55755615234375,
    "bounding_box_lon_lat": {
        "nw": [
            -125.19917265709836,
            49.631809623551945
        ],
        "ne": [
            -112.50881426743365,
            49.631809623551945
        ],
        "se": [
            -112.50881426743365,
            41.44559739115485
        ],
        "sw": [
            -125.19917265709836,
            41.44559739115485
        ]
    }
}