{
    "original_sweep_number": 8,
    "elevation_index": 9,
    "elevation_angle_degrees": 1.2744140625,
    "azimuth_angle_degrees": 310.1934814453125,
    "bounding_box_lon_lat": {
        "nw": [
            -125.22895251303571,
            49.64933104764472
        ],
        "ne": [
            -112.47690373545508,
            49.64933104764472
        ],
        "se": [
            -112.47690373545508,
            41.42530823879322
        ],
        "sw": [
            -125.22895251303571,
            41.42530823879322
        ]
    }
}