{
    "original_sweep_number": 15,
    "elevation_index": 14,
    "elevation_angle_degrees": 4.954833984375,
    "azimuth_angle_degrees": 133.5552978515625,
    "bounding_box_lon_lat": {
        "nw": [
            -125.1797185297236,
            49.62228996630755
        ],
        "ne": [
            -112.52613751127454,
            49.62228996630755
        ],
        "se": [
            -112.52613751127454,
            41.45675799992904
        ],
        "sw": [
            -125.1797185297236,
            41.45675799992904
        ]
    }
}