{
    "original_sweep_number": 7,
    "elevation_index": 9,
    "elevation_angle_degrees": 1.29638671875,
    "azimuth_angle_degrees": 342.2625732421875,
    "bounding_box_lon_lat": {
        "nw": [
            -125.22895330845593,
            49.64933145120742
        ],
        "ne": [
            -112.4769029509741,
            49.64933145120742
        ],
        "se": [
            -112.4769029509741,
            41.42530763626092
        ],
        "sw": [
            -125.22895330845593,
            41.42530763626092
        ]
    }
}