{
    "original_sweep_number": 20,
    "elevation_index": 19,
    "elevation_angle_degrees": 13.85650634765625,
    "azimuth_angle_degrees": 194.51019287109375,
    "bounding_box_lon_lat": {
        "nw": [
            -124.95024148444547,
            49.495577198552276
        ],
        "ne": [
            -112.75561483181991,
            49.495577198552276
        ],
        "se": [
            -112.75561483181991,
            41.603649938451575
        ],
        "sw": [
            -124.95024148444547,
            41.603649938451575
        ]
    }
}