{
    "original_sweep_number": 2,
    "elevation_index": 1,
    "elevation_angle_degrees": 0.17578125,
    "azimuth_angle_degrees": 228.2025146484375,
    "bounding_box_lon_lat": {
        "nw": [
            -125.23774493550559,
            49.65415550469377
        ],
        "ne": [
            -112.46811031970455,
            49.65415550469377
        ],
        "se": [
            -112.46811031970455,
            41.41969360805818
        ],
        "sw": [
            -125.23774493550559,
            41.41969360805818
        ]
    }
}