{
    "original_sweep_number": 13,
    "elevation_index": 11,
    "elevation_angle_degrees": 2.9498291015625,
    "azimuth_angle_degrees": 78.55499267578125,
    "bounding_box_lon_lat": {
        "nw": [
            -125.20913025422686,
            49.638450130742115
        ],
        "ne": [
            -112.49674487577533,
            49.638450130742115
        ],
        "se": [
            -112.49674487577533,
            41.43796772489866
        ],
        "sw": [
            -125.20913025422686,
            41.43796772489866
        ]
    }
}