{
    "original_sweep_number": 20,
    "elevation_index": 19,
    "elevation_angle_degrees": 13.831787109375,
    "azimuth_angle_degrees": 280.50018310546875,
    "bounding_box_lon_lat": {
        "nw": [
            -124.95024148953922,
            49.49557719741955
        ],
        "ne": [
            -112.75561483893556,
            49.49557719741955
        ],
        "se": [
            -112.75561483893556,
            41.60364992945251
        ],
        "sw": [
            -124.95024148953922,
            41.60364992945251
        ]
    }
}