{
    "original_sweep_number": 6,
    "elevation_index": 7,
    "elevation_angle_degrees": 0.8349609375,
    "azimuth_angle_degrees": 12.20855712890625,
    "bounding_box_lon_lat": {
        "nw": [
            -125.23277010878131,
            49.651425171379
        ],
        "ne": [
            -112.47308621446086,
            49.651425171379
        ],
        "se": [
            -112.47308621446086,
            41.422870815539184
        ],
        "sw": [
            -125.23277010878131,
            41.422870815539184
        ]
    }
}