{
    "original_sweep_number": 19,
    "elevation_index": 18,
    "elevation_angle_degrees": 11.79931640625,
    "azimuth_angle_degrees": 163.50128173828125,
    "bounding_box_lon_lat": {
        "nw": [
            -125.01580605945252,
            49.53189403703698
        ],
        "ne": [
            -112.69005026378967,
            49.53189403703698
        ],
        "se": [
            -112.69005026378967,
            41.55952115668551
        ],
        "sw": [
            -125.01580605945252,
            41.55952115668551
        ]
    }
}