{
    "original_sweep_number": 10,
    "elevation_index": 1,
    "elevation_angle_degrees": 0.17578125,
    "azimuth_angle_degrees": 92.20550537109375,
    "bounding_box_lon_lat": {
        "nw": [
            -125.23774534891663,
            49.654155631536355
        ],
        "ne": [
            -112.468110563544,
            49.654155631536355
        ],
        "se": [
            -112.468110563544,
            41.419693917731806
        ],
        "sw": [
            -125.23774534891663,
            41.419693917731806
        ]
    }
}