{
    "original_sweep_number": 14,
    "elevation_index": 14,
    "elevation_angle_degrees": 3.82049560546875,
    "azimuth_angle_degrees": 129.55078125,
    "bounding_box_lon_lat": {
        "nw": [
            -125.19704234223921,
            49.63181001044559
        ],
        "ne": [
            -112.50881460688984,
            49.63181001044559
        ],
        "se": [
            -112.50881460688984,
            41.4457131215344
        ],
        "sw": [
            -125.19704234223921,
            41.4457131215344
        ]
    }
}