{
    "original_sweep_number": 3,
    "elevation_index": 4,
    "elevation_angle_degrees": 0.45867919921875,
    "azimuth_angle_degrees": 241.23779296875,
    "bounding_box_lon_lat": {
        "nw": [
            -125.23553574347346,
            49.65294291305298
        ],
        "ne": [
            -112.47032059254421,
            49.65294291305298
        ],
        "se": [
            -112.47032059254421,
            41.42110469741031
        ],
        "sw": [
            -125.23553574347346,
            41.42110469741031
        ]
    }
}