{
    "original_sweep_number": 4,
    "elevation_index": 5,
    "elevation_angle_degrees": 0.4833984375,
    "azimuth_angle_degrees": 359.219970703125,
    "bounding_box_lon_lat": {
        "nw": [
            -125.23553416858991,
            49.65294174322062
        ],
        "ne": [
            -112.47032119101557,
            49.65294174322062
        ],
        "se": [
            -112.47032119101557,
            41.42110528963069
        ],
        "sw": [
            -125.23553416858991,
            41.42110528963069
        ]
    }
}