{
    "original_sweep_number": 2,
    "elevation_index": 2,
    "elevation_angle_degrees": 0.17578125,
    "azimuth_angle_degrees": 4.2242431640625,
    "bounding_box_lon_lat": {
        "nw": [
            -125.2377449860477,
            49.65415510148734
        ],
        "ne": [
            -112.46811166034264,
            49.65415510148734
        ],
        "se": [
            -112.46811166034264,
            41.419695255923656
        ],
        "sw": [
            -125.2377449860477,
            41.419695255923656
        ]
    }
}