{
    "original_sweep_number": 13,
    "elevation_index": 12,
    "elevation_angle_degrees": 2.95806884765625,
    "azimuth_angle_degrees": 4.5538330078125,
    "bounding_box_lon_lat": {
        "nw": [
            -125.2091293502189,
            49.63844940503768
        ],
        "ne": [
            -112.49672742560305,
            49.63844940503768
        ],
        "se": [
            -112.49672742560305,
            41.437968037493754
        ],
        "sw": [
            -125.2091293502189,
            41.437968037493754
        ]
    }
}