{
    "original_sweep_number": 5,
    "elevation_index": 7,
    "elevation_angle_degrees": 0.84320068359375,
    "azimuth_angle_degrees": 266.26739501953125,
    "bounding_box_lon_lat": {
        "nw": [
            -125.23238199813197,
            49.651446479758086
        ],
        "ne": [
            -112.47308579427538,
            49.651446479758086
        ],
        "se": [
            -112.47308579427538,
            41.42287030488912
        ],
        "sw": [
            -125.23238199813197,
            41.42287030488912
        ]
    }
}