{
    "original_sweep_number": 6,
    "elevation_index": 6,
    "elevation_angle_degrees": 0.8349609375,
    "azimuth_angle_degrees": 260.20294189453125,
    "bounding_box_lon_lat": {
        "nw": [
            -125.23276698742772,
            49.6514253365301
        ],
        "ne": [
            -112.47308694417536,
            49.6514253365301
        ],
        "se": [
            -112.47308694417536,
            41.4228726695965
        ],
        "sw": [
            -125.23276698742772,
            41.4228726695965
        ]
    }
}