{
    "original_sweep_number": 14,
    "elevation_index": 13,
    "elevation_angle_degrees": 3.81500244140625,
    "azimuth_angle_degrees": 161.56219482421875,
    "bounding_box_lon_lat": {
        "nw": [
            -125.19704201742701,
            49.63180934429784
        ],
        "ne": [
            -112.50881469223229,
            49.63180934429784
        ],
        "se": [
            -112.50881469223229,
            41.44560441343465
        ],
        "sw": [
            -125.19704201742701,
            41.44560441343465
        ]
    }
}