{
    "original_sweep_number": 1,
    "elevation_index": 3,
    "elevation_angle_degrees": 0.38177490234375,
    "azimuth_angle_degrees": 77.25311279296875,
    "bounding_box_lon_lat": {
        "nw": [
            -125.23774647354527,
            49.654155571987886
        ],
        "ne": [
            -112.46809405968514,
            49.654155571987886
        ],
        "se": [
            -112.46809405968514,
            41.41969253522747
        ],
        "sw": [
            -125.23774647354527,
            41.41969253522747
        ]
    }
}