{
    "original_sweep_number": 1,
    "elevation_index": 3,
    "elevation_angle_degrees": 0.3515625,
    "azimuth_angle_degrees": 187.239990234375,
    "bounding_box_lon_lat": {
        "nw": [
            -125.23774649548257,
            49.6541556728046
        ],
        "ne": [
            -112.46810986609924,
            49.6541556728046
        ],
        "se": [
            -112.46810986609924,
            41.41969320931611
        ],
        "sw": [
            -125.23774649548257,
            41.41969320931611
        ]
    }
}