{
    "original_sweep_number": 11,
    "elevation_index": 10,
    "elevation_angle_degrees": 1.7083740234375,
    "azimuth_angle_degrees": 48.55682373046875,
    "bounding_box_lon_lat": {
        "nw": [
            -125.22428691567434,
            49.64677203975319
        ],
        "ne": [
            -112.48156757110881,
            49.64677203975319
        ],
        "se": [
            -112.48156757110881,
            41.42828660146778
        ],
        "sw": [
            -125.22428691567434,
            41.42828660146778
        ]
    }
}