{
    "elevation_angle_degrees": 0.5,
    "azimuth_angle_degrees": 82.0,
    "bounding_box_lon_lat": {
        "nw": [
            -122.90123442421384,
            48.31389847313045
        ],
        "ne": [
            -114.80476557578619,
            48.31389847313045
        ],
        "se": [
            -114.80476557578619,
            42.93813561309685
        ],
        "sw": [
            -122.90123442421384,
            42.93813561309685
        ]
    }
}