{
    "elevation_angle_degrees": 0.5,
    "azimuth_angle_degrees": 251.0,
    "bounding_box_lon_lat": {
        "nw": [
            -122.90126165667348,
            48.313919266674
        ],
        "ne": [
            -114.80476430211394,
            48.313919266674
        ],
        "se": [
            -114.80476430211394,
            42.9381167237096
        ],
        "sw": [
            -122.90126165667348,
            42.9381167237096
        ]
    }
}