{
    "elevation_angle_degrees": 0.8999999761581421,
    "azimuth_angle_degrees": 302.0,
    "bounding_box_lon_lat": {
        "nw": [
            -122.899854044899,
            48.313077417024765
        ],
        "ne": [
            -114.80620066583647,
            48.313077417024765
        ],
        "se": [
            -114.80620066583647,
            42.93904546208189
        ],
        "sw": [
            -122.899854044899,
            42.93904546208189
        ]
    }
}