{
    "elevation_angle_degrees": 1.7999999523162842,
    "azimuth_angle_degrees": 12.0,
    "bounding_box_lon_lat": {
        "nw": [
            -122.89587777217099,
            48.31070528783031
        ],
        "ne": [
            -114.81009326703263,
            48.31070528783031
        ],
        "se": [
            -114.81009326703263,
            42.94165746227224
        ],
        "sw": [
            -122.89587777217099,
            42.94165746227224
        ]
    }
}