{
    "elevation_angle_degrees": 0.5,
    "azimuth_angle_degrees": 314.0,
    "bounding_box_lon_lat": {
        "nw": [
            -122.9012356978861,
            48.313919141835974
        ],
        "ne": [
            -114.80476430211394,
            48.313919141835974
        ],
        "se": [
            -114.80476430211394,
            42.93813561309685
        ],
        "sw": [
            -122.9012356978861,
            42.93813561309685
        ]
    }
}