{
    "elevation_angle_degrees": 1.7999999523162842,
    "azimuth_angle_degrees": 287.0,
    "bounding_box_lon_lat": {
        "nw": [
            -122.89593303662137,
            48.31070535075393
        ],
        "ne": [
            -114.81012222782904,
            48.31070535075393
        ],
        "se": [
            -114.81012222782904,
            42.94165740510394
        ],
        "sw": [
            -122.89593303662137,
            42.94165740510394
        ]
    }
}