{
    "elevation_angle_degrees": 3.0999999046325684,
    "azimuth_angle_degrees": 59.0,
    "bounding_box_lon_lat": {
        "nw": [
            -122.67348694263124,
            48.176767117068316
        ],
        "ne": [
            -115.03251305736879,
            48.176767117068316
        ],
        "se": [
            -115.03251305736879,
            43.08887367265883
        ],
        "sw": [
            -122.67348694263124,
            43.08887367265883
        ]
    }
}