{
    "elevation_angle_degrees": 3.0999999046325684,
    "azimuth_angle_degrees": 106.0999984741211,
    "bounding_box_lon_lat": {
        "nw": [
            -122.67348694263124,
            48.17676724589546
        ],
        "ne": [
            -115.03246104054317,
            48.17676724589546
        ],
        "se": [
            -115.03246104054317,
            43.08887047604964
        ],
        "sw": [
            -122.67348694263124,
            43.08887047604964
        ]
    }
}