{
    "elevation_angle_degrees": 0.8999999761581421,
    "azimuth_angle_degrees": 176.0,
    "bounding_box_lon_lat": {
        "nw": [
            -122.8998529334021,
            48.31305657472577
        ],
        "ne": [
            -114.80620265345705,
            48.31305657472577
        ],
        "se": [
            -114.80620265345705,
            42.93904546208189
        ],
        "sw": [
            -122.8998529334021,
            42.93904546208189
        ]
    }
}