{
    "elevation_angle_degrees": 2.4000000953674316,
    "azimuth_angle_degrees": 178.10000610351562,
    "bounding_box_lon_lat": {
        "nw": [
            -122.8927430132833,
            48.308809701508466
        ],
        "ne": [
            -114.81328310472003,
            48.308809701508466
        ],
        "se": [
            -114.81328310472003,
            42.94373032160475
        ],
        "sw": [
            -122.8927430132833,
            42.94373032160475
        ]
    }
}