{
    "elevation_angle_degrees": 3.0999999046325684,
    "azimuth_angle_degrees": 309.1000061035156,
    "bounding_box_lon_lat": {
        "nw": [
            -122.6734880972348,
            48.17678660239363
        ],
        "ne": [
            -115.03251190276524,
            48.17678660239363
        ],
        "se": [
            -115.03251190276524,
            43.08889146477212
        ],
        "sw": [
            -122.6734880972348,
            43.08889146477212
        ]
    }
}