{
    "elevation_angle_degrees": 1.7999999523162842,
    "azimuth_angle_degrees": 353.1000061035156,
    "bounding_box_lon_lat": {
        "nw": [
            -122.89590789469747,
            48.31072536544948
        ],
        "ne": [
            -114.81009210530256,
            48.31072536544948
        ],
        "se": [
            -114.81009210530256,
            42.94163922106403
        ],
        "sw": [
            -122.89590789469747,
            42.94163922106403
        ]
    }
}