{
    "elevation_angle_degrees": 0.20000000298023224,
    "azimuth_angle_degrees": 223.0,
    "bounding_box_lon_lat": {
        "nw": [
            -122.90212774548404,
            48.31447176722562
        ],
        "ne": [
            -114.80387225451601,
            48.31447176722562
        ],
        "se": [
            -114.80387225451601,
            42.937530050121325
        ],
        "sw": [
            -122.90212774548404,
            42.937530050121325
        ]
    }
}