{
    "elevation_angle_degrees": 1.7999999523162842,
    "azimuth_angle_degrees": 252.10000610351562,
    "bounding_box_lon_lat": {
        "nw": [
            -122.89587777217099,
            48.31070535075393
        ],
        "ne": [
            -114.81006696337866,
            48.31070535075393
        ],
        "se": [
            -114.81006696337866,
            42.94165740510394
        ],
        "sw": [
            -122.89587777217099,
            42.94165740510394
        ]
    }
}