{
    "elevation_angle_degrees": 0.20000000298023224,
    "azimuth_angle_degrees": 211.0,
    "bounding_box_lon_lat": {
        "nw": [
            -122.90212902462292,
            48.314489794452385
        ],
        "ne": [
            -114.80387097537711,
            48.314489794452385
        ],
        "se": [
            -114.80387097537711,
            42.937530050121325
        ],
        "sw": [
            -122.90212902462292,
            42.937530050121325
        ]
    }
}