{
    "elevation_angle_degrees": 3.0999999046325684,
    "azimuth_angle_degrees": 318.0,
    "bounding_box_lon_lat": {
        "nw": [
            -122.67351703888772,
            48.1768035316328
        ],
        "ne": [
            -115.03251038100679,
            48.1768035316328
        ],
        "se": [
            -115.03251038100679,
            43.08889146477212
        ],
        "sw": [
            -122.67351703888772,
            43.08889146477212
        ]
    }
}