{
    "elevation_angle_degrees": 1.7999999523162842,
    "azimuth_angle_degrees": 178.0,
    "bounding_box_lon_lat": {
        "nw": [
            -122.89587922398943,
            48.31072557747546
        ],
        "ne": [
            -114.81009210530256,
            48.31072557747546
        ],
        "se": [
            -114.81009210530256,
            42.94165746227224
        ],
        "sw": [
            -122.89587922398943,
            42.94165746227224
        ]
    }
}