{
    "elevation_angle_degrees": 2.4000000953674316,
    "azimuth_angle_degrees": 267.1000061035156,
    "bounding_box_lon_lat": {
        "nw": [
            -122.89274433943432,
            48.30882799937149
        ],
        "ne": [
            -114.81325566056572,
            48.30882799937149
        ],
        "se": [
            -114.81325566056572,
            42.94373032160475
        ],
        "sw": [
            -122.89274433943432,
            42.94373032160475
        ]
    }
}