{
    "elevation_angle_degrees": 1.2999999523162842,
    "azimuth_angle_degrees": 17.0,
    "bounding_box_lon_lat": {
        "nw": [
            -122.89818397185661,
            48.31208889316735
        ],
        "ne": [
            -114.80778647983561,
            48.31208889316735
        ],
        "se": [
            -114.80778647983561,
            42.94013338191123
        ],
        "sw": [
            -122.89818397185661,
            42.94013338191123
        ]
    }
}