{
    "elevation_angle_degrees": 0.8999999761581421,
    "azimuth_angle_degrees": 195.0,
    "bounding_box_lon_lat": {
        "nw": [
            -122.89979734654298,
            48.313056529720825
        ],
        "ne": [
            -114.80620265345705,
            48.313056529720825
        ],
        "se": [
            -114.80620265345705,
            42.93906737434935
        ],
        "sw": [
            -122.89979734654298,
            42.93906737434935
        ]
    }
}