{
    "elevation_angle_degrees": 1.7999999523162842,
    "azimuth_angle_degrees": 280.0,
    "bounding_box_lon_lat": {
        "nw": [
            -122.89590789469747,
            48.31072557747546
        ],
        "ne": [
            -114.8101207760106,
            48.31072557747546
        ],
        "se": [
            -114.8101207760106,
            42.94165746227224
        ],
        "sw": [
            -122.89590789469747,
            42.94165746227224
        ]
    }
}