{
    "elevation_angle_degrees": 1.7999999523162842,
    "azimuth_angle_degrees": 159.0,
    "bounding_box_lon_lat": {
        "nw": [
            -122.8959067329674,
            48.31070528783031
        ],
        "ne": [
            -114.81012222782904,
            48.31070528783031
        ],
        "se": [
            -114.81012222782904,
            42.94165746227224
        ],
        "sw": [
            -122.8959067329674,
            42.94165746227224
        ]
    }
}