{
    "elevation_angle_degrees": 1.2999999523162842,
    "azimuth_angle_degrees": 209.0,
    "bounding_box_lon_lat": {
        "nw": [
            -122.89818696289613,
            48.31212778303983
        ],
        "ne": [
            -114.80778334271417,
            48.31212778303983
        ],
        "se": [
            -114.80778334271417,
            42.94013338191123
        ],
        "sw": [
            -122.89818696289613,
            42.94013338191123
        ]
    }
}