{
    "elevation_angle_degrees": 0.5,
    "azimuth_angle_degrees": 83.0,
    "bounding_box_lon_lat": {
        "nw": [
            -122.90120475979155,
            48.313902372209775
        ],
        "ne": [
            -114.80473990691648,
            48.313902372209775
        ],
        "se": [
            -114.80473990691648,
            42.938116695872196
        ],
        "sw": [
            -122.90120475979155,
            42.938116695872196
        ]
    }
}