{
    "elevation_angle_degrees": 0.20000000298023224,
    "azimuth_angle_degrees": 285.0,
    "bounding_box_lon_lat": {
        "nw": [
            -122.90215558648491,
            48.31445122492101
        ],
        "ne": [
            -114.80384441351512,
            48.31445122492101
        ],
        "se": [
            -114.80384441351512,
            42.93752666578128
        ],
        "sw": [
            -122.90215558648491,
            42.93752666578128
        ]
    }
}