{
    "elevation_angle_degrees": 2.4000000953674316,
    "azimuth_angle_degrees": 290.1000061035156,
    "bounding_box_lon_lat": {
        "nw": [
            -122.89271689528,
            48.308809701508466
        ],
        "ne": [
            -114.81325698671674,
            48.308809701508466
        ],
        "se": [
            -114.81325698671674,
            42.943746947025495
        ],
        "sw": [
            -122.89271689528,
            42.943746947025495
        ]
    }
}