{
    "elevation_angle_degrees": 3.0999999046325684,
    "azimuth_angle_degrees": 239.0,
    "bounding_box_lon_lat": {
        "nw": [
            -122.67353895945686,
            48.17676724589546
        ],
        "ne": [
            -115.03251305736879,
            48.17676724589546
        ],
        "se": [
            -115.03251305736879,
            43.08889134713959
        ],
        "sw": [
            -122.67353895945686,
            43.08889134713959
        ]
    }
}