{
    "elevation_angle_degrees": 0.20000000298023224,
    "azimuth_angle_degrees": 250.0,
    "bounding_box_lon_lat": {
        "nw": [
            -122.90215842639279,
            48.31448956766123
        ],
        "ne": [
            -114.80384157360724,
            48.31448956766123
        ],
        "se": [
            -114.80384157360724,
            42.93750789610147
        ],
        "sw": [
            -122.90215842639279,
            42.93750789610147
        ]
    }
}