{
    "elevation_angle_degrees": 3.0999999046325684,
    "azimuth_angle_degrees": 133.10000610351562,
    "bounding_box_lon_lat": {
        "nw": [
            -122.67354174564628,
            48.176799910861675
        ],
        "ne": [
            -115.03245825435376,
            48.176799910861675
        ],
        "se": [
            -115.03245825435376,
            43.08885482806866
        ],
        "sw": [
            -122.67354174564628,
            43.08885482806866
        ]
    }
}