{
    "elevation_angle_degrees": 1.2999999523162842,
    "azimuth_angle_degrees": 356.8999938964844,
    "bounding_box_lon_lat": {
        "nw": [
            -122.8982150930907,
            48.31210951396295
        ],
        "ne": [
            -114.80781434835302,
            48.31210951396295
        ],
        "se": [
            -114.80781434835302,
            42.94013338191123
        ],
        "sw": [
            -122.8982150930907,
            42.94013338191123
        ]
    }
}