{
    "elevation_angle_degrees": 0.8999999761581421,
    "azimuth_angle_degrees": 71.9000015258789,
    "bounding_box_lon_lat": {
        "nw": [
            -122.89979734654298,
            48.313056864027665
        ],
        "ne": [
            -114.80617280858704,
            48.313056864027665
        ],
        "se": [
            -114.80617280858704,
            42.939067070646736
        ],
        "sw": [
            -122.89979734654298,
            42.939067070646736
        ]
    }
}