{
    "elevation_angle_degrees": 3.0999999046325684,
    "azimuth_angle_degrees": 29.100000381469727,
    "bounding_box_lon_lat": {
        "nw": [
            -122.67351423096459,
            48.17676699633097
        ],
        "ne": [
            -115.03248522282622,
            48.17676699633097
        ],
        "se": [
            -115.03248522282622,
            43.088873782969316
        ],
        "sw": [
            -122.67351423096459,
            43.088873782969316
        ]
    }
}