{
    "elevation_angle_degrees": 1.7999999523162842,
    "azimuth_angle_degrees": 352.0,
    "bounding_box_lon_lat": {
        "nw": [
            -122.89587922398943,
            48.31072557747546
        ],
        "ne": [
            -114.8101207760106,
            48.31072557747546
        ],
        "se": [
            -114.8101207760106,
            42.9416390284312
        ],
        "sw": [
            -122.89587922398943,
            42.9416390284312
        ]
    }
}