{
    "elevation_angle_degrees": 0.8999999761581421,
    "azimuth_angle_degrees": 114.0,
    "bounding_box_lon_lat": {
        "nw": [
            -122.89982958682366,
            48.31309545865474
        ],
        "ne": [
            -114.80619977854083,
            48.31309545865474
        ],
        "se": [
            -114.80619977854083,
            42.939067070646736
        ],
        "sw": [
            -122.89982958682366,
            42.939067070646736
        ]
    }
}