{
    "elevation_angle_degrees": 0.20000000298023224,
    "azimuth_angle_degrees": 349.0,
    "bounding_box_lon_lat": {
        "nw": [
            -122.9021836676872,
            48.314489794452385
        ],
        "ne": [
            -114.80387097537711,
            48.314489794452385
        ],
        "se": [
            -114.80387097537711,
            42.93750797391472
        ],
        "sw": [
            -122.9021836676872,
            42.93750797391472
        ]
    }
}