{
    "elevation_angle_degrees": 3.0999999046325684,
    "azimuth_angle_degrees": 311.0,
    "bounding_box_lon_lat": {
        "nw": [
            -122.67354077024427,
            48.17678660239363
        ],
        "ne": [
            -115.03251190276524,
            48.17678660239363
        ],
        "se": [
            -115.03251190276524,
            43.08885482806866
        ],
        "sw": [
            -122.67354077024427,
            43.08885482806866
        ]
    }
}