{
    "elevation_angle_degrees": 0.8999999761581421,
    "azimuth_angle_degrees": 289.0,
    "bounding_box_lon_lat": {
        "nw": [
            -122.89979933416356,
            48.313077417024765
        ],
        "ne": [
            -114.80620066583647,
            48.313077417024765
        ],
        "se": [
            -114.80620066583647,
            42.93906737434935
        ],
        "sw": [
            -122.89979933416356,
            42.93906737434935
        ]
    }
}