{
    "elevation_angle_degrees": 0.5,
    "azimuth_angle_degrees": 138.89999389648438,
    "bounding_box_lon_lat": {
        "nw": [
            -122.90126009308355,
            48.313898667115126
        ],
        "ne": [
            -114.80476557578619,
            48.313898667115126
        ],
        "se": [
            -114.80476557578619,
            42.93813543687614
        ],
        "sw": [
            -122.90126009308355,
            42.93813543687614
        ]
    }
}