{
    "elevation_angle_degrees": 0.8999999761581421,
    "azimuth_angle_degrees": 65.0,
    "bounding_box_lon_lat": {
        "nw": [
            -122.89979933416356,
            48.313077417024765
        ],
        "ne": [
            -114.8061723696857,
            48.313077417024765
        ],
        "se": [
            -114.8061723696857,
            42.93904839918756
        ],
        "sw": [
            -122.89979933416356,
            42.93904839918756
        ]
    }
}