{
    "elevation_angle_degrees": 3.0999999046325684,
    "azimuth_angle_degrees": 50.0,
    "bounding_box_lon_lat": {
        "nw": [
            -122.6734880972348,
            48.17678660239363
        ],
        "ne": [
            -115.03248406831445,
            48.17678660239363
        ],
        "se": [
            -115.03248406831445,
            43.088854711399144
        ],
        "sw": [
            -122.6734880972348,
            43.088854711399144
        ]
    }
}