{
    "elevation_angle_degrees": 2.4000000953674316,
    "azimuth_angle_degrees": 297.0,
    "bounding_box_lon_lat": {
        "nw": [
            -122.89274433943432,
            48.30882799937149
        ],
        "ne": [
            -114.81328188575405,
            48.30882799937149
        ],
        "se": [
            -114.81328188575405,
            42.943746947025495
        ],
        "sw": [
            -122.89274433943432,
            42.943746947025495
        ]
    }
}