{
    "elevation_angle_degrees": 0.5,
    "azimuth_angle_degrees": 29.0,
    "bounding_box_lon_lat": {
        "nw": [
            -122.9012356978861,
            48.313919266674
        ],
        "ne": [
            -114.80473834332655,
            48.313919266674
        ],
        "se": [
            -114.80473834332655,
            42.9381167237096
        ],
        "sw": [
            -122.9012356978861,
            42.9381167237096
        ]
    }
}