{
    "elevation_angle_degrees": 0.8999999761581421,
    "azimuth_angle_degrees": 116.0,
    "bounding_box_lon_lat": {
        "nw": [
            -122.89982763031433,
            48.313077417024765
        ],
        "ne": [
            -114.80620066583647,
            48.313077417024765
        ],
        "se": [
            -114.80620066583647,
            42.939067070646736
        ],
        "sw": [
            -122.89982763031433,
            42.939067070646736
        ]
    }
}