{
    "elevation_angle_degrees": 1.2999999523162842,
    "azimuth_angle_degrees": 334.0,
    "bounding_box_lon_lat": {
        "nw": [
            -122.89824283311351,
            48.312124168894705
        ],
        "ne": [
            -114.80778334271417,
            48.312124168894705
        ],
        "se": [
            -114.80778334271417,
            42.94011131738407
        ],
        "sw": [
            -122.89824283311351,
            42.94011131738407
        ]
    }
}