{
    "elevation_angle_degrees": 1.7999999523162842,
    "azimuth_angle_degrees": 98.0999984741211,
    "bounding_box_lon_lat": {
        "nw": [
            -122.89588064852803,
            48.31074399079989
        ],
        "ne": [
            -114.81009078782353,
            48.31074399079989
        ],
        "se": [
            -114.81009078782353,
            42.94165746227224
        ],
        "sw": [
            -122.89588064852803,
            42.94165746227224
        ]
    }
}