{
    "elevation_angle_degrees": 0.20000000298023224,
    "azimuth_angle_degrees": 180.0,
    "bounding_box_lon_lat": {
        "nw": [
            -122.90212774548404,
            48.31447188711806
        ],
        "ne": [
            -114.80384274625023,
            48.31447188711806
        ],
        "se": [
            -114.80384274625023,
            42.93750789610147
        ],
        "sw": [
            -122.90212774548404,
            42.93750789610147
        ]
    }
}