{
    "elevation_angle_degrees": 2.4000000953674316,
    "azimuth_angle_degrees": 57.099998474121094,
    "bounding_box_lon_lat": {
        "nw": [
            -122.89274433943432,
            48.30882799937149
        ],
        "ne": [
            -114.81325566056572,
            48.30882799937149
        ],
        "se": [
            -114.81325566056572,
            42.943747006916155
        ],
        "sw": [
            -122.89274433943432,
            42.943747006916155
        ]
    }
}