{
    "elevation_angle_degrees": 3.0999999046325684,
    "azimuth_angle_degrees": 201.0,
    "bounding_box_lon_lat": {
        "nw": [
            -122.67354077024427,
            48.176786481585246
        ],
        "ne": [
            -115.03248406831445,
            48.176786481585246
        ],
        "se": [
            -115.03248406831445,
            43.08889134713959
        ],
        "sw": [
            -122.67354077024427,
            43.08889134713959
        ]
    }
}