{
    "elevation_angle_degrees": 2.4000000953674316,
    "azimuth_angle_degrees": 85.0999984741211,
    "bounding_box_lon_lat": {
        "nw": [
            -122.89271689528,
            48.30881358023488
        ],
        "ne": [
            -114.8133124569263,
            48.30881358023488
        ],
        "se": [
            -114.8133124569263,
            42.943730324926065
        ],
        "sw": [
            -122.89271689528,
            42.943730324926065
        ]
    }
}