{
    "elevation_angle_degrees": 0.20000000298023224,
    "azimuth_angle_degrees": 183.89999389648438,
    "bounding_box_lon_lat": {
        "nw": [
            -122.9021572537498,
            48.31447188711806
        ],
        "ne": [
            -114.80387225451601,
            48.31447188711806
        ],
        "se": [
            -114.80387225451601,
            42.9374916289684
        ],
        "sw": [
            -122.9021572537498,
            42.9374916289684
        ]
    }
}