{
    "elevation_angle_degrees": 3.0999999046325684,
    "azimuth_angle_degrees": 30.100000381469727,
    "bounding_box_lon_lat": {
        "nw": [
            -122.67351703888772,
            48.17680016207335
        ],
        "ne": [
            -115.03245825435376,
            48.17680016207335
        ],
        "se": [
            -115.03245825435376,
            43.08887047604964
        ],
        "sw": [
            -122.67351703888772,
            43.08887047604964
        ]
    }
}