{
    "elevation_angle_degrees": 3.0999999046325684,
    "azimuth_angle_degrees": 195.0,
    "bounding_box_lon_lat": {
        "nw": [
            -122.6734880972348,
            48.17678660239363
        ],
        "ne": [
            -115.03245922975576,
            48.17678660239363
        ],
        "se": [
            -115.03245922975576,
            43.08887047604964
        ],
        "sw": [
            -122.6734880972348,
            43.08887047604964
        ]
    }
}