{
    "elevation_angle_degrees": 1.7999999523162842,
    "azimuth_angle_degrees": 325.1000061035156,
    "bounding_box_lon_lat": {
        "nw": [
            -122.89588064852803,
            48.31074399079989
        ],
        "ne": [
            -114.810119351472,
            48.31074399079989
        ],
        "se": [
            -114.810119351472,
            42.9416390284312
        ],
        "sw": [
            -122.89588064852803,
            42.9416390284312
        ]
    }
}