{
    "elevation_angle_degrees": 0.8999999761581421,
    "azimuth_angle_degrees": 351.0,
    "bounding_box_lon_lat": {
        "nw": [
            -122.89980022145922,
            48.31309545865474
        ],
        "ne": [
            -114.80619977854083,
            48.31309545865474
        ],
        "se": [
            -114.80619977854083,
            42.93904839918756
        ],
        "sw": [
            -122.89980022145922,
            42.93904839918756
        ]
    }
}