{
    "elevation_angle_degrees": 0.8999999761581421,
    "azimuth_angle_degrees": 277.0,
    "bounding_box_lon_lat": {
        "nw": [
            -122.899827191413,
            48.313056864027665
        ],
        "ne": [
            -114.80620265345705,
            48.313056864027665
        ],
        "se": [
            -114.80620265345705,
            42.939067070646736
        ],
        "sw": [
            -122.899827191413,
            42.939067070646736
        ]
    }
}