{
    "elevation_angle_degrees": 1.7999999523162842,
    "azimuth_angle_degrees": 41.099998474121094,
    "bounding_box_lon_lat": {
        "nw": [
            -122.89593524171624,
            48.3107437092851
        ],
        "ne": [
            -114.81009078782353,
            48.3107437092851
        ],
        "se": [
            -114.81009078782353,
            42.94165740510394
        ],
        "sw": [
            -122.89593524171624,
            42.94165740510394
        ]
    }
}