{
    "elevation_angle_degrees": 0.20000000298023224,
    "azimuth_angle_degrees": 250.0,
    "bounding_box_lon_lat": {
        "nw": [
            -122.9021836676872,
            48.31448948194628
        ],
        "ne": [
            -114.80381633231283,
            48.31448948194628
        ],
        "se": [
            -114.80381633231283,
            42.93750797391472
        ],
        "sw": [
            -122.9021836676872,
            42.93750797391472
        ]
    }
}