{
    "elevation_angle_degrees": 0.20000000298023224,
    "azimuth_angle_degrees": 305.0,
    "bounding_box_lon_lat": {
        "nw": [
            -122.90212593124524,
            48.3144548486059
        ],
        "ne": [
            -114.8038740687548,
            48.3144548486059
        ],
        "se": [
            -114.8038740687548,
            42.937530050121325
        ],
        "sw": [
            -122.90212593124524,
            42.937530050121325
        ]
    }
}