{
    "elevation_angle_degrees": 0.20000000298023224,
    "azimuth_angle_degrees": 4.0,
    "bounding_box_lon_lat": {
        "nw": [
            -122.90215558648491,
            48.3144548486059
        ],
        "ne": [
            -114.8038740687548,
            48.3144548486059
        ],
        "se": [
            -114.8038740687548,
            42.9374916289684
        ],
        "sw": [
            -122.90215558648491,
            42.9374916289684
        ]
    }
}