{
    "elevation_angle_degrees": 0.20000000298023224,
    "azimuth_angle_degrees": 275.0,
    "bounding_box_lon_lat": {
        "nw": [
            -122.90212593124524,
            48.3144548486059
        ],
        "ne": [
            -114.80384441351512,
            48.3144548486059
        ],
        "se": [
            -114.80384441351512,
            42.93752666578128
        ],
        "sw": [
            -122.90212593124524,
            42.93752666578128
        ]
    }
}