{
    "elevation_angle_degrees": 1.7999999523162842,
    "azimuth_angle_degrees": 331.0,
    "bounding_box_lon_lat": {
        "nw": [
            -122.89593409129557,
            48.31072557747546
        ],
        "ne": [
            -114.8101207760106,
            48.31072557747546
        ],
        "se": [
            -114.8101207760106,
            42.94165740510394
        ],
        "sw": [
            -122.89593409129557,
            42.94165740510394
        ]
    }
}