{
    "elevation_angle_degrees": 2.4000000953674316,
    "azimuth_angle_degrees": 347.1000061035156,
    "bounding_box_lon_lat": {
        "nw": [
            -122.8927430132833,
            48.30880963559311
        ],
        "ne": [
            -114.81325698671674,
            48.30880963559311
        ],
        "se": [
            -114.81325698671674,
            42.94376571471995
        ],
        "sw": [
            -122.8927430132833,
            42.94376571471995
        ]
    }
}