{
    "elevation_angle_degrees": 0.20000000298023224,
    "azimuth_angle_degrees": 263.0,
    "bounding_box_lon_lat": {
        "nw": [
            -122.90218133075558,
            48.3144548486059
        ],
        "ne": [
            -114.8038740687548,
            48.3144548486059
        ],
        "se": [
            -114.8038740687548,
            42.93750797391472
        ],
        "sw": [
            -122.90218133075558,
            42.93750797391472
        ]
    }
}