{
    "elevation_angle_degrees": 0.0,
    "azimuth_angle_degrees": 359.0,
    "bounding_box_lon_lat": {
        "nw": [
            -121.91291917749481,
            47.71014679087294
        ],
        "ne": [
            -115.79308082250522,
            47.71014679087294
        ],
        "se": [
            -115.79308082250522,
            43.59600716384599
        ],
        "sw": [
            -121.91291917749481,
            43.59600716384599
        ]
    }
}