{
    "elevation_angle_degrees": 1.2999999523162842,
    "azimuth_angle_degrees": 295.0,
    "bounding_box_lon_lat": {
        "nw": [
            -122.89818565164701,
            48.312109453578465
        ],
        "ne": [
            -114.80781434835302,
            48.312109453578465
        ],
        "se": [
            -114.80781434835302,
            42.94013349977542
        ],
        "sw": [
            -122.89818565164701,
            42.94013349977542
        ]
    }
}