{
    "elevation_angle_degrees": 0.20000000298023224,
    "azimuth_angle_degrees": 82.0,
    "bounding_box_lon_lat": {
        "nw": [
            -122.90218133075558,
            48.31445120835006
        ],
        "ne": [
            -114.80381866924445,
            48.31445120835006
        ],
        "se": [
            -114.80381866924445,
            42.93750797391472
        ],
        "sw": [
            -122.90218133075558,
            42.93750797391472
        ]
    }
}