{
    "elevation_angle_degrees": 0.0,
    "azimuth_angle_degrees": 0.0,
    "bounding_box_lon_lat": {
        "nw": [
            -121.92678060848925,
            47.718699931910784
        ],
        "ne": [
            -115.77921939151078,
            47.718699931910784
        ],
        "se": [
            -115.77921939151078,
            43.586713991401375
        ],
        "sw": [
            -121.92678060848925,
            43.586713991401375
        ]
    }
}