{
    "elevation_angle_degrees": 2.4000000953674316,
    "azimuth_angle_degrees": 301.1000061035156,
    "bounding_box_lon_lat": {
        "nw": [
            -122.89271811424598,
            48.30882799571606
        ],
        "ne": [
            -114.81328188575405,
            48.30882799571606
        ],
        "se": [
            -114.81328188575405,
            42.943746947025495
        ],
        "sw": [
            -122.89271811424598,
            42.943746947025495
        ]
    }
}