{
    "elevation_angle_degrees": 1.2999999523162842,
    "azimuth_angle_degrees": 51.0,
    "bounding_box_lon_lat": {
        "nw": [
            -122.89818397185661,
            48.31208876343064
        ],
        "ne": [
            -114.80781602814344,
            48.31208876343064
        ],
        "se": [
            -114.80781602814344,
            42.94013349977542
        ],
        "sw": [
            -122.89818397185661,
            42.94013349977542
        ]
    }
}