{
    "elevation_angle_degrees": 0.0,
    "azimuth_angle_degrees": 0.0,
    "bounding_box_lon_lat": {
        "nw": [
            -121.92504739704242,
            47.71761883016395
        ],
        "ne": [
            -115.78095260295763,
            47.71761883016395
        ],
        "se": [
            -115.78095260295763,
            43.587873354729425
        ],
        "sw": [
            -121.92504739704242,
            43.587873354729425
        ]
    }
}