{
    "elevation_angle_degrees": 1.7999999523162842,
    "azimuth_angle_degrees": 274.0,
    "bounding_box_lon_lat": {
        "nw": [
            -122.89587777217099,
            48.31070528783031
        ],
        "ne": [
            -114.81012222782904,
            48.31070528783031
        ],
        "se": [
            -114.81012222782904,
            42.9416390284312
        ],
        "sw": [
            -122.89587777217099,
            42.9416390284312
        ]
    }
}