{
    "elevation_angle_degrees": 1.7999999523162842,
    "azimuth_angle_degrees": 164.10000610351562,
    "bounding_box_lon_lat": {
        "nw": [
            -122.89587922398943,
            48.31072557747546
        ],
        "ne": [
            -114.81006590870446,
            48.31072557747546
        ],
        "se": [
            -114.81006590870446,
            42.94161947228315
        ],
        "sw": [
            -122.89587922398943,
            42.94161947228315
        ]
    }
}