{
    "elevation_angle_degrees": 0.5,
    "azimuth_angle_degrees": 141.0,
    "bounding_box_lon_lat": {
        "nw": [
            -122.90120475979155,
            48.313902372209775
        ],
        "ne": [
            -114.80476557578619,
            48.313902372209775
        ],
        "se": [
            -114.80476557578619,
            42.938116695872196
        ],
        "sw": [
            -122.90120475979155,
            42.938116695872196
        ]
    }
}