{
    "elevation_angle_degrees": 3.0999999046325684,
    "azimuth_angle_degrees": 235.0,
    "bounding_box_lon_lat": {
        "nw": [
            -122.6735153854781,
            48.176786481585246
        ],
        "ne": [
            -115.03248406831445,
            48.176786481585246
        ],
        "se": [
            -115.03248406831445,
            43.088873782969316
        ],
        "sw": [
            -122.6735153854781,
            43.088873782969316
        ]
    }
}