{
    "elevation_angle_degrees": 2.4000000953674316,
    "azimuth_angle_degrees": 51.099998474121094,
    "bounding_box_lon_lat": {
        "nw": [
            -122.89268870192365,
            48.30882799571606
        ],
        "ne": [
            -114.81328188575405,
            48.30882799571606
        ],
        "se": [
            -114.81328188575405,
            42.94376880379602
        ],
        "sw": [
            -122.89268870192365,
            42.94376880379602
        ]
    }
}