{
    "elevation_angle_degrees": 0.5,
    "azimuth_angle_degrees": 355.0,
    "bounding_box_lon_lat": {
        "nw": [
            -122.90120618029304,
            48.31391929731757
        ],
        "ne": [
            -114.80479381970699,
            48.31391929731757
        ],
        "se": [
            -114.80479381970699,
            42.93813874725926
        ],
        "sw": [
            -122.90120618029304,
            42.93813874725926
        ]
    }
}