{
    "elevation_angle_degrees": 1.2999999523162842,
    "azimuth_angle_degrees": 211.89999389648438,
    "bounding_box_lon_lat": {
        "nw": [
            -122.89823969615246,
            48.31208888508418
        ],
        "ne": [
            -114.80781602814344,
            48.31208888508418
        ],
        "se": [
            -114.80781602814344,
            42.94013338925468
        ],
        "sw": [
            -122.89823969615246,
            42.94013338925468
        ]
    }
}