{
    "elevation_angle_degrees": 0.5,
    "azimuth_angle_degrees": 354.8999938964844,
    "bounding_box_lon_lat": {
        "nw": [
            -122.90120777488198,
            48.31393726115962
        ],
        "ne": [
            -114.80479222511806,
            48.31393726115962
        ],
        "se": [
            -114.80479222511806,
            42.93813874725926
        ],
        "sw": [
            -122.90120777488198,
            42.93813874725926
        ]
    }
}