{
    "elevation_angle_degrees": 0.5,
    "azimuth_angle_degrees": 250.0,
    "bounding_box_lon_lat": {
        "nw": [
            -122.90123442421384,
            48.313902372209775
        ],
        "ne": [
            -114.80479524020848,
            48.313902372209775
        ],
        "se": [
            -114.80479524020848,
            42.93810032889761
        ],
        "sw": [
            -122.90123442421384,
            42.93810032889761
        ]
    }
}