{
    "elevation_angle_degrees": 2.4000000953674316,
    "azimuth_angle_degrees": 290.0,
    "bounding_box_lon_lat": {
        "nw": [
            -122.89268754307373,
            48.30881358023488
        ],
        "ne": [
            -114.81328310472003,
            48.30881358023488
        ],
        "se": [
            -114.81328310472003,
            42.94376880379602
        ],
        "sw": [
            -122.89268754307373,
            42.94376880379602
        ]
    }
}