{
    "elevation_angle_degrees": 3.0999999046325684,
    "azimuth_angle_degrees": 147.0,
    "bounding_box_lon_lat": {
        "nw": [
            -122.67354174564628,
            48.17680003863432
        ],
        "ne": [
            -115.0324827262581,
            48.17680003863432
        ],
        "se": [
            -115.0324827262581,
            43.08887047604964
        ],
        "sw": [
            -122.67354174564628,
            43.08887047604964
        ]
    }
}