{
    "elevation_angle_degrees": 2.4000000953674316,
    "azimuth_angle_degrees": 40.099998474121094,
    "bounding_box_lon_lat": {
        "nw": [
            -122.89271547134254,
            48.30879299450865
        ],
        "ne": [
            -114.81331404842113,
            48.30879299450865
        ],
        "se": [
            -114.81331404842113,
            42.943746947025495
        ],
        "sw": [
            -122.89271547134254,
            42.943746947025495
        ]
    }
}