{
    "elevation_angle_degrees": 2.4000000953674316,
    "azimuth_angle_degrees": 304.1000061035156,
    "bounding_box_lon_lat": {
        "nw": [
            -122.89274113197449,
            48.30879299450865
        ],
        "ne": [
            -114.81328452865749,
            48.30879299450865
        ],
        "se": [
            -114.81328452865749,
            42.94373032160475
        ],
        "sw": [
            -122.89274113197449,
            42.94373032160475
        ]
    }
}