{
    "elevation_angle_degrees": 0.20000000298023224,
    "azimuth_angle_degrees": 260.0,
    "bounding_box_lon_lat": {
        "nw": [
            -122.90218249511592,
            48.31447180145899
        ],
        "ne": [
            -114.80387225451601,
            48.31447180145899
        ],
        "se": [
            -114.80387225451601,
            42.937526680834445
        ],
        "sw": [
            -122.90218249511592,
            42.937526680834445
        ]
    }
}