{
    "elevation_angle_degrees": 0.5,
    "azimuth_angle_degrees": 63.0,
    "bounding_box_lon_lat": {
        "nw": [
            -122.9012356978861,
            48.31391929731757
        ],
        "ne": [
            -114.80479381970699,
            48.31391929731757
        ],
        "se": [
            -114.80479381970699,
            42.93813561309685
        ],
        "sw": [
            -122.9012356978861,
            42.93813561309685
        ]
    }
}