{
    "elevation_angle_degrees": 1.2999999523162842,
    "azimuth_angle_degrees": 212.0,
    "bounding_box_lon_lat": {
        "nw": [
            -122.89821665728586,
            48.31212778303983
        ],
        "ne": [
            -114.8078130371039,
            48.31212778303983
        ],
        "se": [
            -114.8078130371039,
            42.940094657969475
        ],
        "sw": [
            -122.89821665728586,
            42.940094657969475
        ]
    }
}