{
    "elevation_angle_degrees": 3.0999999046325684,
    "azimuth_angle_degrees": 123.0,
    "bounding_box_lon_lat": {
        "nw": [
            -122.67351423096459,
            48.176767117068316
        ],
        "ne": [
            -115.03251305736879,
            48.176767117068316
        ],
        "se": [
            -115.03251305736879,
            43.08889146477212
        ],
        "sw": [
            -122.67351423096459,
            43.08889146477212
        ]
    }
}